Workbook

Sheet RA Information
A2: SAFETY RISK ASSESSMENT – VESSEL ROUTINE OPERATIONS
A4: RISK MANAGEMENT INFORMATION
A6: Risk Assessment ID: | B6: RA-006 | C6: Location: | D6: All operational vessels – all regions (IOR, WAF, PG)
A7: Activity Description: | B7: Day-to-day living and working aboard client vessels and VBAs including accommodation, galley/cooking, routine maintenance, housekeeping, recreation, and general movement around the vessel. Covers all non-security, non-transfer routine activities undertaken by Seagull Maritime personnel while deployed.
A8: Assessed by: | B8: Group Compliance Director
A9: Contributors: | B9: Senior Operations Manager, Vessel Managers, Team Leaders
A10: Effective Date: | B10: 15 March 2026
A11: Responsible Persons: | B11: Senior Operations Manager, Vessel Managers, Team Leaders, Team Members, Coxswains
B12: Management have day-to-day responsibility for health and safety and must be aware of the hazards and control measures in this assessment. They must ensure all staff are aware of the findings and that adequate training and supervision is in place.
B13: Team Leaders and Team Members are to ensure they have read the risk assessment, understood and acknowledged the controls, and follow any instructions given.
B14: Client Vessel Masters are respectfully requested to review this risk assessment and assist in compliance with any relevant controls that apply to their vessel or crew.
A15: Review Date: | B15: 15 September 2026
A17: COMMUNICATION & CONSULTATION / RECORDING & REPORTING / MONITORING & REVIEW
A18: This risk assessment must be shared with all personnel engaged with the activity. All personnel must confirm they have read and understood the assessment before deployment. A record of this must be maintained.
A19: Monitoring and supervision: Seagull Maritime must monitor the activities of all personnel through regular checks, toolbox talks, and debrief reports. Any failure of controls must be reported immediately.
A20: This assessment must be formally reviewed if there is any significant change in operational circumstances, following any incident or near miss, or at the scheduled review date – whichever comes first.
A22: ACTIVITY DESCRIPTION
A23: Day-to-day living and working aboard client vessels and VBAs including accommodation, galley/cooking, routine maintenance, housekeeping, recreation, and general movement around the vessel. Covers all non-security, non-transfer routine activities undertaken by Seagull Maritime personnel while deployed.

Sheet Risk Assessment
A2: RISK ASSESSMENT
A4: Ref | B4: Hazard | C4: Risk Description | D4: Persons at Risk | E4: Likelihood | F4: Severity | G4: Risk Rating | H4: Risk Level | I4: Implemented Controls | J4: Residual Likelihood | K4: Residual Severity | L4: Residual Risk | M4: Risk Level | N4: Status
A5: VR-001 | B5: Slips, trips, and falls on vessel | C5: Wet, oily, or obstructed deck and internal surfaces may cause slips, trips, or falls resulting in fractures, head injuries, or falls overboard. | D5: Security Team / Crew | E5: 3 | F5: 4 | G5: =E5*F5 -> 12 | H5: =IF(G5<=4,"Low",IF(G5<=9,"Medium",IF(G5<=15,"High","Critical"))) -> High | I5: Non-slip safety footwear mandatory. Deck areas and walkways kept clear of loose equipment. Spills reported and cleaned immediately. Signage displayed in known hazard areas. Personnel briefed on vessel layout and hazards during induction. Adequate lighting maintained in all movement areas. | J5: 1 | K5: 4 | L5: =J5*K5 -> 4 | M5: =IF(L5="","",IF(L5<=4,"Low",IF(L5<=9,"Medium",IF(L5<=15,"High","Critical")))) -> Low | N5: Open
A6: VR-002 | B6: Man overboard (MOB) | C6: Personnel on deck may fall overboard during routine movement, maintenance, or recreation, risking drowning or hypothermia. | D6: Security Team / Crew | E6: 2 | F6: 5 | G6: =E6*F6 -> 10 | H6: =IF(G6<=4,"Low",IF(G6<=9,"Medium",IF(G6<=15,"High","Critical"))) -> High | I6: Guardrails and barriers maintained and inspected. Lifebuoys positioned at key deck locations. MOB alarm and recovery procedures briefed to all personnel. MOB drills conducted regularly with vessel crew. Lifejackets worn during transits and heightened sea states. Deck patrols conducted in pairs where practicable. | J6: 1 | K6: 5 | L6: =J6*K6 -> 5 | M6: =IF(L6="","",IF(L6<=4,"Low",IF(L6<=9,"Medium",IF(L6<=15,"High","Critical")))) -> Medium | N6: Open
A7: VR-003 | B7: Manual handling – equipment and stores | C7: Lifting, carrying, or moving heavy equipment, stores, or weapons cases may cause musculoskeletal injuries including back strain and shoulder injury. | D7: Security Team | E7: 3 | F7: 3 | G7: =E7*F7 -> 9 | H7: =IF(G7<=4,"Low",IF(G7<=9,"Medium",IF(G7<=15,"High","Critical"))) -> Medium | I7: Personnel trained in safe manual handling techniques. Two-person lift required for heavy items. High shelves reserved for lighter items. Walkways and storage areas kept clear. Equipment trolley or mechanical aid used where available. | J7: 1 | K7: 3 | L7: =J7*K7 -> 3 | M7: =IF(L7="","",IF(L7<=4,"Low",IF(L7<=9,"Medium",IF(L7<=15,"High","Critical")))) -> Low | N7: Open
A8: VR-004 | B8: Fire onboard vessel | C8: Fire from electrical fault, cooking, smoking, or equipment failure may cause burns, smoke inhalation, or entrapment below decks. | D8: Security Team / Vessel Crew | E8: 2 | F8: 5 | G8: =E8*F8 -> 10 | H8: =IF(G8<=4,"Low",IF(G8<=9,"Medium",IF(G8<=15,"High","Critical"))) -> High | I8: Smoking restricted to designated areas only. Fire detection and suppression systems maintained by vessel. Security team included in regular fire drills. Fire extinguisher locations known by all security personnel. Electrical equipment checked before use. Emergency escape routes briefed during induction. | J8: 1 | K8: 5 | L8: =J8*K8 -> 5 | M8: =IF(L8="","",IF(L8<=4,"Low",IF(L8<=9,"Medium",IF(L8<=15,"High","Critical")))) -> Medium | N8: Open
A9: VR-005 | B9: Electrical hazards | C9: Faulty wiring, damaged cables, or defective portable appliances may cause electric shock or burns. | D9: Security Team / Crew | E9: 1 | F9: 4 | G9: =E9*F9 -> 4 | H9: =IF(G9<=4,"Low",IF(G9<=9,"Medium",IF(G9<=15,"High","Critical"))) -> Low | I9: Personnel report defective plugs, sockets, and cables immediately. Defective equipment taken out of service and labelled. Portable appliance testing conducted where applicable. No unauthorised modifications to electrical systems. Charging equipment used only in designated areas. | J9: 1 | K9: 4 | L9: =J9*K9 -> 4 | M9: =IF(L9="","",IF(L9<=4,"Low",IF(L9<=9,"Medium",IF(L9<=15,"High","Critical")))) -> Low | N9: Open
A10: VR-006 | B10: Galley hazards – burns and scalds | C10: Contact with hot surfaces, boiling water, steam, or hot oil during cooking or food preparation may cause burns or scalds. | D10: Security Team | E10: 3 | F10: 3 | G10: =E10*F10 -> 9 | H10: =IF(G10<=4,"Low",IF(G10<=9,"Medium",IF(G10<=15,"High","Critical"))) -> Medium | I10: Personnel trained in galley safety before use. Hot surfaces and equipment clearly marked. Oven gloves and appropriate PPE available. Extractor fans and ventilation maintained. First aid kit accessible in galley area. Fryer and hot oil handling procedures briefed. | J10: 1 | K10: 3 | L10: =J10*K10 -> 3 | M10: =IF(L10="","",IF(L10<=4,"Low",IF(L10<=9,"Medium",IF(L10<=15,"High","Critical")))) -> Low | N10: Open
A11: VR-007 | B11: Galley hazards – knife injuries | C11: Improper use, storage, or handling of knives during food preparation may cause cuts, puncture wounds, or severed tendons. | D11: Security Team | E11: 2 | F11: 3 | G11: =E11*F11 -> 6 | H11: =IF(G11<=4,"Low",IF(G11<=9,"Medium",IF(G11<=15,"High","Critical"))) -> Medium | I11: Knives stored securely when not in use. Personnel trained in safe knife handling. Cut-resistant gloves available. First aid kit with wound dressings accessible. Knives maintained in good condition – dull knives replaced. | J11: 1 | K11: 3 | L11: =J11*K11 -> 3 | M11: =IF(L11="","",IF(L11<=4,"Low",IF(L11<=9,"Medium",IF(L11<=15,"High","Critical")))) -> Low | N11: Open
A12: VR-008 | B12: Food handling and hygiene | C12: Improper food storage, preparation, or hygiene may cause food poisoning, gastroenteritis, or cross-contamination affecting personnel health and operational capability. | D12: Security Team | E12: 2 | F12: 3 | G12: =E12*F12 -> 6 | H12: =IF(G12<=4,"Low",IF(G12<=9,"Medium",IF(G12<=15,"High","Critical"))) -> Medium | I12: Food stored at correct temperatures. Food preparation surfaces cleaned and sanitised. Hand washing enforced before food handling. Food grade gloves and utensils used. Expiry dates checked – out-of-date food disposed of. Galley cleaning schedule maintained. | J12: 1 | K12: 3 | L12: =J12*K12 -> 3 | M12: =IF(L12="","",IF(L12<=4,"Low",IF(L12<=9,"Medium",IF(L12<=15,"High","Critical")))) -> Low | N12: Open
A13: VR-009 | B13: Hazardous substances – cleaning chemicals | C13: Contact with or inhalation of cleaning chemicals used for vessel housekeeping may cause skin irritation, burns, or respiratory issues. | D13: Security Team | E13: 2 | F13: 3 | G13: =E13*F13 -> 6 | H13: =IF(G13<=4,"Low",IF(G13<=9,"Medium",IF(G13<=15,"High","Critical"))) -> Medium | I13: MSDS available for all cleaning products. Gloves and eye protection worn when using chemicals. Chemicals stored in original labelled containers. Adequate ventilation maintained during cleaning. Personnel briefed on safe handling and first aid. | J13: 1 | K13: 3 | L13: =J13*K13 -> 3 | M13: =IF(L13="","",IF(L13<=4,"Low",IF(L13<=9,"Medium",IF(L13<=15,"High","Critical")))) -> Low | N13: Open
A14: VR-010 | B14: Falling objects | C14: Unsecured equipment, stores, or fittings may fall during vessel movement, causing crush or impact injuries. | D14: Security Team / Crew | E14: 2 | F14: 5 | G14: =E14*F14 -> 10 | H14: =IF(G14<=4,"Low",IF(G14<=9,"Medium",IF(G14<=15,"High","Critical"))) -> High | I14: All loose items stowed and secured before sailing. Weapon and equipment restraints checked before heavy weather. Heavy items stored at low level. Racks and shelving inspected for secure mounting. Personnel briefed on stowage standards during induction. | J14: 1 | K14: 5 | L14: =J14*K14 -> 5 | M14: =IF(L14="","",IF(L14<=4,"Low",IF(L14<=9,"Medium",IF(L14<=15,"High","Critical")))) -> Medium | N14: Open
A15: VR-011 | B15: Weather exposure | C15: Prolonged exposure to extreme heat, cold, rain, or sun during outdoor duties may cause heat stroke, hypothermia, sunburn, or dehydration. | D15: Security Team | E15: 3 | F15: 4 | G15: =E15*F15 -> 12 | H15: =IF(G15<=4,"Low",IF(G15<=9,"Medium",IF(G15<=15,"High","Critical"))) -> High | I15: Appropriate PPE provided for climate conditions. Sufficient drinking water available. Shade and shelter accessible during rest periods. Personnel trained to recognise and report weather-related symptoms. Work/rest cycles adjusted during extreme conditions. | J15: 1 | K15: 4 | L15: =J15*K15 -> 4 | M15: =IF(L15="","",IF(L15<=4,"Low",IF(L15<=9,"Medium",IF(L15<=15,"High","Critical")))) -> Low | N15: Open
A16: VR-012 | B16: Asbestos exposure | C16: Older vessels may contain asbestos in insulation, pipework, or deck materials. Disturbance may cause serious respiratory disease. | D16: Security Team | E16: 2 | F16: 5 | G16: =E16*F16 -> 10 | H16: =IF(G16<=4,"Low",IF(G16<=9,"Medium",IF(G16<=15,"High","Critical"))) -> High | I16: Pre-deployment vessel survey includes asbestos assessment where information available. Personnel briefed on asbestos risks and identification. Suspected asbestos reported immediately and area sealed off. No work that may disturb suspected asbestos-containing materials. Client vessel master consulted on known asbestos locations. | J16: 1 | K16: 5 | L16: =J16*K16 -> 5 | M16: =IF(L16="","",IF(L16<=4,"Low",IF(L16<=9,"Medium",IF(L16<=15,"High","Critical")))) -> Medium | N16: Open
... A22: VR-018 | B22: Lack of client crew awareness | C22: Client vessel crew unfamiliar with security team operations or accommodation arrangements may create friction, safety conflicts, or interfere with procedures. | D22: Security Team / Vessel Crew | E22: 2 | F22: 3 | G22: =E22*F22 -> 6 | H22: =IF(G22<=4,"Low",IF(G22<=9,"Medium",IF(G22<=15,"High","Critical"))) -> Medium | I22: Security team induction delivered to client crew at embarkation. House rules and shared space expectations agreed between Team Leader and vessel Master. Ongoing communication maintained. Incidents of friction reported and addressed. Welfare issues escalated to operations. | J22: 1 | K22: 3 | L22: =J22*K22 -> 3 | M22: =IF(L22="","",IF(L22<=4,"Low",IF(L22<=9,"Medium",IF(L22<=15,"High","Critical")))) -> Low | N22: Open
A25: TASK APPROVAL – THIS RISK ASSESSMENT MUST BE REVIEWED AND SIGNED OFF BEFORE OPERATIONS COMMENCE
A27: Reviewed by:
A28: Signature:
A29: Date:
A30: Approved by (Group Compliance Director):
A31: Signature:
A32: Date:
A33: Briefed to Team – Confirmed:

Sheet Dashboard
A2: RISK ASSESSMENT DASHBOARD
B4: KEY METRICS
C5: Total Hazards Assessed | D5: Critical (Inherent) | E5: High (Inherent) | F5: Medium (Inherent) | G5: Low (Inherent)
C6: =COUNTA('Risk Assessment'!A5:A22) -> 18 | D6: =COUNTIF('Risk Assessment'!H5:H22,"Critical") -> 0 | E6: =COUNTIF('Risk Assessment'!H5:H22,"High") -> 6 | F6: =COUNTIF('Risk Assessment'!H5:H22,"Medium") -> 10 | G6: =COUNTIF('Risk Assessment'!H5:H22,"Low") -> 2
B8: INHERENT RISK DISTRIBUTION (Before Controls)
C9: Risk Level | D9: Count | E9: % of Total
C10: Critical | D10: =COUNTIF('Risk Assessment'!H5:H22,"Critical") -> 0 | E10: =IF(D10=0,"0%",TEXT(D10/C6,"0%")) -> 0%
C11: High | D11: =COUNTIF('Risk Assessment'!H5:H22,"High") -> 6 | E11: =IF(D11=0,"0%",TEXT(D11/C6,"0%")) -> 33%
C12: Medium | D12: =COUNTIF('Risk Assessment'!H5:H22,"Medium") -> 10 | E12: =IF(D12=0,"0%",TEXT(D12/C6,"0%")) -> 56%
C13: Low | D13: =COUNTIF('Risk Assessment'!H5:H22,"Low") -> 2 | E13: =IF(D13=0,"0%",TEXT(D13/C6,"0%")) -> 11%
B15: RESIDUAL RISK DISTRIBUTION (After Controls)
C16: Risk Level | D16: Count | E16: % of Total
C17: Critical | D17: =COUNTIF('Risk Assessment'!M5:M22,"Critical") -> 0 | E17: =IF(D17=0,"0%",TEXT(D17/C6,"0%")) -> 0%
C18: High | D18: =COUNTIF('Risk Assessment'!M5:M22,"High") -> 0 | E18: =IF(D18=0,"0%",TEXT(D18/C6,"0%")) -> 0%
C19: Medium | D19: =COUNTIF('Risk Assessment'!M5:M22,"Medium") -> 5 | E19: =IF(D19=0,"0%",TEXT(D19/C6,"0%")) -> 28%
C20: Low | D20: =COUNTIF('Risk Assessment'!M5:M22,"Low") -> 13 | E20: =IF(D20=0,"0%",TEXT(D20/C6,"0%")) -> 72%
B22: RISK REDUCTION SUMMARY
C23: Metric | D23: Value
C24: Average Inherent Risk Score | D24: =ROUND(AVERAGE('Risk Assessment'!G5:G22),1) -> 7.8
C25: Average Residual Risk Score | D25: =ROUND(AVERAGE('Risk Assessment'!L5:L22),1) -> 3.8
C26: Average Risk Reduction (%) | D26: =TEXT(1-(AVERAGE('Risk Assessment'!L5:L22)/AVERAGE('Risk Assessment'!G5:G22)),"0%") -> 52%
C27: Hazards at Critical (Residual) | D27: =COUNTIF('Risk Assessment'!M5:M22,"Critical") -> 0
C28: Hazards at High (Residual) | D28: =COUNTIF('Risk Assessment'!M5:M22,"High") -> 0
C29: Open Items | D29: =COUNTIF('Risk Assessment'!N5:N22,"Open") -> 18
B31: DOCUMENT INFORMATION
C32: Document Reference: | D32: SM/HSE/RA/006
C33: Version: | D33: 1.0
C34: Effective Date: | D34: 15 March 2026
C35: Review Date: | D35: 15 September 2026
C36: Assessed by: | D36: Group Compliance Director
C37: Status: | D37: Active

Sheet Methodology
A2: RISK ASSESSMENT METHODOLOGY
B4: Likelihood x Severity = Risk Rating
B6: Likelihood | E6: Severity
B7: 1 | C7: Rare | E7: 1 | F7: Minor Injury
B8: 2 | C8: Unlikely | E8: 2 | F8: First Aid Required
B9: 3 | C9: Possible | E9: 3 | F9: Medical Treatment
B10: 4 | C10: Likely | E10: 4 | F10: Serious Injury
B11: 5 | C11: Certain | E11: 5 | F11: Fatality
A14: 5x5 RISK MATRIX
B16: Likelihood \ Severity | D16: 1 - Minor | E16: 2 - First Aid | F16: 3 - Medical | G16: 4 - Serious | H16: 5 - Fatality
B17: 5 - Certain | D17: 5 | E17: 10 | F17: 15 | G17: 20 | H17: 25
B18: 4 - Likely | D18: 4 | E18: 8 | F18: 12 | G18: 16 | H18: 20
B19: 3 - Possible | D19: 3 | E19: 6 | F19: 9 | G19: 12 | H19: 15
B20: 2 - Unlikely | D20: 2 | E20: 4 | F20: 6 | G20: 8 | H20: 10
B21: 1 - Rare | D21: 1 | E21: 2 | F21: 3 | G21: 4 | H21: 5
B23: Risk Rating = Risk before controls are applied
B24: Residual Risk Rating = Risk after controls have been considered and implemented
A26: Risk Level Key:
B27: 1-4 | C27: Low | D27: Acceptable risk. Monitor and review.
B28: 5-9 | C28: Medium | D28: Tolerable with controls. Monitor closely.
B29: 10-15 | C29: High | D29: Significant risk. Additional controls required before proceeding.
B30: 16-25 | C30: Critical | D30: Unacceptable. Do not proceed without senior management approval and additional controls.
A32: HIERARCHY OF CONTROLS
B33: Priority | C33: Control Type | D33: Description
B34: 1 | C34: Elimination | D34: Remove the hazard entirely from the workplace.
B35: 2 | C35: Substitution | D35: Replace the hazard with something less dangerous.
B36: 3 | C36: Engineering Controls | D36: Isolate people from the hazard through physical means.
B37: 4 | C37: Administrative Controls | D37: Change the way people work through procedures, training, signage.
B38: 5 | C38: PPE | D38: Protect individuals with personal protective equipment.
