Workbook

Sheet Register Information
A2: FLAG STATE REQUIREMENTS REGISTER
A4: REGISTER INFORMATION
A6: Document Reference: | B6: SM/SEC/REG/001
A7: Document Title: | B7: Flag State Requirements Register
A8: System: | B8: Security Management System (ISO 28007 / ISO 18788 / ISO 28000)
A9: Version: | B9: 1.0
A10: Status: | B10: Approved
A11: Created by: | B11: Group Compliance Director
A12: Approved by: | B12: Pavel Shparber, CEO
A13: Effective Date: | B13: 1 April 2026
A14: Review Date: | B14: 1 October 2026
A15: Review Frequency: | B15: Quarterly, and upon regulatory update or operational trigger
A17: PURPOSE
A18: This register records the requirements of each flag state regarding the placement of Privately Contracted Armed Security Personnel (PCASP) on board merchant vessels. It serves as the single source of truth for flag state eligibility, approval requirements, licence status, and operational guidance for all Seagull Maritime entities.
A20: SCOPE AND APPLICABILITY
A21: This register applies to all armed maritime security operations conducted by Seagull Maritime FZCO, Seagull Maritime Malta, Seagull Maritime Nigeria, Seagull Maritime UK, and Seagull Offshore. It must be consulted before any quotation is issued for a vessel whose flag state requirements are not already confirmed. It is maintained by the Group Compliance Director and reviewed quarterly.
A23: RELATED DOCUMENTS
A24: SM/INT/PRO/004 — External References and Standards Procedure
A25: SM/SEC/PRO/001 — Security and Business Risk Assessment Procedure
A26: SM/HSE/REG/002 — Legal and Regulatory Requirements Register
A27: SM/INT/REG/007 — External Standards and References Register
A28: IMO MSC.1/Circ.1405/Rev.2 — Guidance on the Use of PCASP
A29: IMO MSC.1/Circ.1406/Rev.3 — Interim Recommendations for Flag States
A30: IMO MSC.1/Circ.1408/Rev.1 — Interim Recommendations for Port and Coastal States

Sheet Flag State Register
A2: FLAG STATE REQUIREMENTS REGISTER — SM/SEC/REG/001
A4: # | B4: Flag State | C4: PCASP Stance | D4: Approval Model | E4: Key Legislation / Circular | F4: Seagull Approved | G4: Licence / Approval Ref | H4: Expiry Date | I4: Renewal Lead Time | J4: Application Route | K4: Required Documents | L4: Fees | M4: Fees Payable By | N4: Responsible Party | O4: Contact / Website | P4: Key Notes / Restrictions | Q4: Last Verified | R4: Verified By
A5: 1 | B5: Liberia | C5: Permits | D5: Licence | E5: Liberian Maritime Authority regulations | F5: Yes | I5: Annual renewal | J5: PMSC submits to Liberian Maritime Authority | K5: Team details, equipment kit, transit details | L5: Per transit + annual licence fee | M5: PMSC | N5: PMSC | O5: security@liscr.com | P5: PMSC must hold valid licence. Annual activity reporting required on flagged vessels. | Q5: NOT YET VERIFIED
A6: 2 | B6: Panama | C6: Permits | D6: Licence | E6: MMC-245 (March 2026) | F6: Yes | H6: 01/08/2026 | I6: Annual | J6: PMA Portal (new or old) — PMSC or Client | K6: ST passports, equipment kit details, GUARDCON | L6: Annual licence fee | M6: PMSC | N6: PMSC / Client | O6: asp@amp.gob.pa https://ecertificatespanama.amp.gob.pa | P6: PMSC must be on approved list per MMC-245. Post-transit report required via PMA portal. | Q6: NOT YET VERIFIED
A7: 3 | B7: Marshall Islands | C7: Permits | D7: Case-by-case | E7: MI Maritime Administrator guidance | F7: Yes | I7: 5–7 days | J7: Client submits LONO application to flag | K7: Team details, weapons details | L7: None | M7: N/A | N7: Client | O7: marsec@register-iri.com https://www.register-iri.com/ | P7: LONO required. PMSC supplies team and weapons details. Client acquires LONO. | Q7: NOT YET VERIFIED
A8: 4 | B8: Malta | C8: Permits | D8: Case-by-case | E8: Transport Malta maritime security regulations | F8: Yes | I8: 5–7 days | J8: Client submits to Transport Malta | K8: Team details, weapons details | L8: None | M8: N/A | N8: Client | O8: comms.isps@transport.gov.mt https://www.transport.gov.mt/ | P8: LONO required. PMSC supplies details, client acquires LONO. | Q8: NOT YET VERIFIED
A9: 5 | B9: Guinea Bissau | C9: Permits | D9: Licence | E9: Guinea Bissau International Ship Registry regulations | F9: Yes | I9: 5–7 days | J9: PMSC submits to GBISR | K9: ISO 28007 certificate, team details, transit details | L9: Annual licence fee | M9: PMSC | N9: PMSC | O9: ops@gbi-lb.org; tech@gbi-lb.org https://gbisr.com/ | P9: PMSC must hold valid licence and ISO 28007. Each transit requires separate approval. | Q9: NOT YET VERIFIED
A10: 6 | B10: Cyprus | C10: Permits | D10: Licence | E10: Cyprus Department of Merchant Shipping regulations | F10: No | I10: N/A | J10: PMSC submits to DMS | K10: PCASP approval per guard under PMSC | L10: Annual fee (varies by tasks/guards) | M10: PMSC | N10: PMSC | O10: maritimeadmin@dms.gov.cy https://www.gov.cy/dms/en/ | P10: PMSC must hold valid licence. Individual PCASPs must be approved to work under specific PMSC. | Q10: NOT YET VERIFIED
A11: 7 | B11: Greece | C11: Permits | D11: Licence | E11: Hellenic Coast Guard / Ministry of Maritime Affairs | F11: No | I11: N/A | J11: PMSC submits to Hellenic Coast Guard | K11: PMSC licence documentation | L11: Annual fee (varies by tasks/guards) | M11: PMSC | N11: PMSC | O11: contact@yna.gov.gr https://www.ynanp.gr/ | P11: PMSC must hold valid licence. | Q11: NOT YET VERIFIED
A12: 8 | B12: United Kingdom | C12: Permits | D12: Licence | E12: UK Interim Guidance on Armed Guards; Firearms Act 1968 (Section 5) | F12: No | I12: Up to 3 months for guard approval | J12: PMSC submits to DfT Maritime Security | K12: Enhanced criminal record checks per guard, Section 5 approval | L12: Criminal record check costs | M12: PMSC | N12: PMSC | O12: maritimesecurity@dft.gov.uk https://www.gov.uk/ | P12: Requires UK Section 5 Firearms approval per individual guard. Guard approval can take up to 3 months. | Q12: NOT YET VERIFIED
A13: 9 | B13: Hong Kong | C13: Permits | D13: Case-by-case | E13: Hong Kong Marine Department guidance | F13: Yes | I13: 2 days minimum | J13: Client submits to Marine Department | K13: ISO 28007 cert, SOPs, RUF, weapons details | L13: None | M13: N/A | N13: Client | O13: ss_css@mardep.gov.hk http://www.mardep.gov.hk | P13: Typical IMO circular requirements. ISO 28007, SOPs and RUF of PMSC, weapons details. | Q13: NOT YET VERIFIED
A14: 10 | B14: Portugal | C14: Permits | D14: Case-by-case | E14: Decree-Law No. 159/2019 | F14: Yes | I14: 2 days minimum | J14: Client submits counter-piracy plan (Form M-DSAM-118) | K14: Counter-piracy plan per voyage | L14: None | M14: N/A | N14: Client | O14: hra.assist@dgrm.mm.gov.pt https://www.dgrm.pt/ | P14: Per-voyage counter-piracy plan submission required (Form M-DSAM-118). | Q14: NOT YET VERIFIED
A15: 11 | B15: Bahamas | C15: Permits | D15: Case-by-case | E15: Bahamas Maritime Authority guidance | F15: Yes | I15: Up to 10 days | J15: PMSC submits individual firearms licences per MSO | K15: Individual firearms licences per guard | L15: None | M15: N/A | N15: PMSC | O15: tech@bahamasmaritime.com https://www.bahamasmaritime.com | P15: Individual firearms licences required per MSO. Applications can take up to 10 working days. | Q15: NOT YET VERIFIED
A16: 12 | B16: Singapore | C16: Permits | D16: Case-by-case | E16: MPA maritime security regulations | F16: Yes | I16: 1–2 days | J16: Client submits via MPA portal (vessel owner/operator only) | K16: Vessel owner/operator application | L16: No info | M16: N/A | N16: Client | O16: marine@mpa.gov.sg https://mpa.gov.sg | P16: Application to MPA portal can only be done by vessel owner/operator with Singapore-flagged ship in pool. | Q16: NOT YET VERIFIED
A17: 13 | B17: Isle of Man | C17: Permits | D17: Case-by-case | E17: IoM Ship Registry guidance | F17: Yes | I17: Not specified | J17: Client submits to IoM Ship Registry | K17: ISO 28007 cert, RUF, SOPs aligned with IMO circulars | L17: No info | M17: N/A | N17: Client | O17: marine.survey@gov.im www.iomshipregistry.com | P17: PMSC required to hold ISO 28007. RUF and SOPs must align with key IMO circulars. | Q17: NOT YET VERIFIED
A18: 14 | B18: Palau | C18: Permits | D18: Licence | E18: Palau International Ship Registry regulations | F18: Yes | I18: 3–5 days | J18: Client submits to Palau Registry | K18: Team details, transit details | L18: Per transit | M18: Client | N18: Client | O18: technical@palaureg.com https://www.palaureg.com/ | P18: PMSC must have valid flag approval (3-year validity). | Q18: NOT YET VERIFIED
... A29: 25 | B29: Bermuda | C29: Permits | D29: Notification | E29: BSN-2022-012 (Piracy Counter Measures) | F29: No Previous Activity | I29: 1–3 days | J29: No formal application — recommendations only | K29: None specified | L29: None | M29: N/A | N29: Client | O29: enquiries@bermudashipping.bm https://bsma.bm/ | P29: Merchant circular contains general recommendations only. BSMA does not require notification of intent to place armed guards. PMSC chosen by shipowner. Recommendations, not regulations. | Q29: NOT YET VERIFIED
A30: 26 | B30: San Marino | C30: Does Not Permit | D30: N/A | E30: San Marino maritime regulations | F30: N/A | G30: N/A | H30: N/A | I30: N/A | J30: N/A | K30: N/A | L30: N/A | M30: N/A | N30: N/A | O30: N/A | P30: Flag state does not permit PCASP on board. | Q30: NOT YET VERIFIED
A31: 27 | B31: China | C31: No Known Stance | D31: Unknown | E31: No published guidance identified | F31: No Previous Activity | I31: Unknown | J31: Unknown | K31: Unknown | L31: Unknown | M31: N/A | N31: Unknown | O31: Not specified | P31: No known official stance on PCASP. No published guidance identified. | Q31: NOT YET VERIFIED
A32: 28 | B32: Norway (NIS/NOR) | C32: Permits | D32: Case-by-case | E32: Norwegian International Ship Register regulations; Federal Law on Transport Security | F32: No Previous Activity | I32: Not specified | J32: Application to Norwegian Maritime Authority | K32: Flag state vetting of PMSC and personnel; weapons management | L32: Not specified | M32: PMSC | N32: PMSC | O32: Norwegian Maritime Authority | P32: Permitted since 2011. Formal authorisation process required. | Q32: NOT YET VERIFIED
A33: 29 | B33: Germany | C33: Permits | D33: Case-by-case | E33: German Federal Police / BSH regulations | F33: No Previous Activity | I33: Not specified | J33: Application to German maritime authority | K33: PMSC vetting, personnel credentials | L33: Not specified | M33: PMSC | N33: PMSC | O33: German maritime authority | P33: Permitted since 2013. Flag state vetting of PMSC and personnel. | Q33: NOT YET VERIFIED
A34: 30 | B34: Belgium | C34: Permits | D34: Case-by-case | E34: Belgian maritime security regulations | F34: No Previous Activity | I34: Not specified | J34: Application to Belgian maritime authority | K34: Flag state authorisation requirements | L34: Not specified | M34: PMSC | N34: PMSC | O34: Belgian maritime authority | P34: Permitted since 2013. Flag state authorisation required. | Q34: NOT YET VERIFIED
A35: 31 | B35: Italy | C35: Permits | D35: Case-by-case | E35: Italian maritime security regulations | F35: No Previous Activity | I35: Not specified | J35: Application to Italian maritime authority | K35: Weapons and personnel vetting | L35: Not specified | M35: PMSC | N35: PMSC | O35: Italian maritime authority | P35: Permitted since 2012. Application to Italian maritime authority, weapons and personnel vetting required. | Q35: NOT YET VERIFIED
A36: 32 | B36: Japan | C36: Permits | D36: Case-by-case (highly restrictive) | E36: Japanese flag state regulations | F36: No Previous Activity | I36: Not specified | J36: Application to Japanese maritime authority | K36: Extremely stringent PMSC/PCASP vetting | L36: Not specified | M36: Unknown | N36: Unknown | O36: Japanese maritime authority | P36: Arguably the most stringent flag state legislation for PCASP. Extremely difficult to obtain approval. | Q36: NOT YET VERIFIED
A37: 33 | B37: Russia | C37: Permits | D37: Case-by-case | E37: Federal Law on Transport Security (Russia) | F37: No Previous Activity | I37: Not specified | J37: Government attestation required | K37: Security service attestation documents | L37: Not specified | M37: PMSC | N37: PMSC | O37: Russian maritime authority | P37: Government attestation of security providers required. Entry into territorial waters with armed personnel may be prohibited by coastal state legislation. | Q37: NOT YET VERIFIED
A38: 34 | B38: Antigua & Barbuda | C38: Unknown | D38: Unknown | E38: No published guidance identified | F38: No Previous Activity | I38: Unknown | J38: Unknown | K38: Unknown | L38: Unknown | M38: N/A | N38: Unknown | O38: Antigua & Barbuda Ship Registry | P38: Open registry. PCASP-specific policy not documented. Requires direct contact with flag administration. | Q38: NOT YET VERIFIED
A39: 35 | B39: Cayman Islands | C39: Unknown | D39: Unknown | E39: No published guidance identified (British Overseas Territory) | F39: No Previous Activity | I39: Unknown | J39: Unknown | K39: Unknown | L39: Unknown | M39: N/A | N39: Unknown | O39: Cayman Islands Maritime Authority | P39: British Overseas Territory. PCASP-specific policy not documented. Likely aligns with UK approach. | Q39: NOT YET VERIFIED
A40: 36 | B40: Vanuatu | C40: Unknown | D40: Unknown | E40: No published guidance identified | F40: No Previous Activity | I40: Unknown | J40: Unknown | K40: Unknown | L40: Unknown | M40: N/A | N40: Unknown | O40: Vanuatu Maritime Authority | P40: Flag of convenience. PCASP-specific policy not documented. | Q40: NOT YET VERIFIED
A41: 37 | B41: Comoros | C41: Unknown (likely permissive) | D41: Unknown | E41: No published guidance identified | F41: No Previous Activity | I41: Unknown | J41: Unknown | K41: Unknown | L41: Unknown | M41: N/A | N41: Unknown | O41: Comoros Ship Registry | P41: Highly permissive registry. Minimal oversight expected. PCASP-specific policy not documented. | Q41: NOT YET VERIFIED

Sheet Dashboard
A2: FLAG STATE REGISTER — DASHBOARD
A4: KEY METRICS
A6: Total Flags Tracked: | B6: =COUNTA('Flag State Register'!B5:B50) -> 37
A7: Flags Permitting PCASP: | B7: =COUNTIF('Flag State Register'!C5:C50,"Permits") -> 31
A8: Flags Not Permitting: | B8: =COUNTIF('Flag State Register'!C5:C50,"Does Not Permit") -> 1
A9: Unknown / No Stance: | B9: =COUNTIFS('Flag State Register'!C5:C50,"<>Permits",'Flag State Register'!C5:C50,"<>Does Not Permit",'Flag State Register'!C5:C50,"<>") -> 5
A10: Seagull Approved (Yes): | B10: =COUNTIF('Flag State Register'!F5:F50,"Yes") -> 16
A11: Seagull Not Approved: | B11: =COUNTIF('Flag State Register'!F5:F50,"No") -> 5
A12: No Previous Activity: | B12: =COUNTIF('Flag State Register'!F5:F50,"No Previous Activity") -> 15
A13: Licence Model: | B13: =COUNTIF('Flag State Register'!D5:D50,"Licence") -> 9
A14: Case-by-Case Model: | B14: =COUNTIF('Flag State Register'!D5:D50,"Case-by-case*") -> 21
A15: Not Yet Verified: | B15: =COUNTIF('Flag State Register'!Q5:Q50,"NOT YET VERIFIED") -> 37
A18: APPROVAL STATUS OVERVIEW
A20: Flag State | B20: PCASP Stance | C20: Approval Model | D20: Seagull Approved | E20: Expiry Date
A21: =IF('Flag State Register'!B5="","",'Flag State Register'!B5) -> Liberia | B21: =IF('Flag State Register'!C5="","",'Flag State Register'!C5) -> Permits | C21: =IF('Flag State Register'!D5="","",'Flag State Register'!D5) -> Licence | D21: =IF('Flag State Register'!F5="","",'Flag State Register'!F5) -> Yes | E21: =IF('Flag State Register'!H5="","",'Flag State Register'!H5)
A22: =IF('Flag State Register'!B6="","",'Flag State Register'!B6) -> Panama | B22: =IF('Flag State Register'!C6="","",'Flag State Register'!C6) -> Permits | C22: =IF('Flag State Register'!D6="","",'Flag State Register'!D6) -> Licence | D22: =IF('Flag State Register'!F6="","",'Flag State Register'!F6) -> Yes | E22: =IF('Flag State Register'!H6="","",'Flag State Register'!H6) -> 01/08/2026
A23: =IF('Flag State Register'!B7="","",'Flag State Register'!B7) -> Marshall Islands | B23: =IF('Flag State Register'!C7="","",'Flag State Register'!C7) -> Permits | C23: =IF('Flag State Register'!D7="","",'Flag State Register'!D7) -> Case-by-case | D23: =IF('Flag State Register'!F7="","",'Flag State Register'!F7) -> Yes | E23: =IF('Flag State Register'!H7="","",'Flag State Register'!H7)
A24: =IF('Flag State Register'!B8="","",'Flag State Register'!B8) -> Malta | B24: =IF('Flag State Register'!C8="","",'Flag State Register'!C8) -> Permits | C24: =IF('Flag State Register'!D8="","",'Flag State Register'!D8) -> Case-by-case | D24: =IF('Flag State Register'!F8="","",'Flag State Register'!F8) -> Yes | E24: =IF('Flag State Register'!H8="","",'Flag State Register'!H8)
A25: =IF('Flag State Register'!B9="","",'Flag State Register'!B9) -> Guinea Bissau | B25: =IF('Flag State Register'!C9="","",'Flag State Register'!C9) -> Permits | C25: =IF('Flag State Register'!D9="","",'Flag State Register'!D9) -> Licence | D25: =IF('Flag State Register'!F9="","",'Flag State Register'!F9) -> Yes | E25: =IF('Flag State Register'!H9="","",'Flag State Register'!H9)
A26: =IF('Flag State Register'!B10="","",'Flag State Register'!B10) -> Cyprus | B26: =IF('Flag State Register'!C10="","",'Flag State Register'!C10) -> Permits | C26: =IF('Flag State Register'!D10="","",'Flag State Register'!D10) -> Licence | D26: =IF('Flag State Register'!F10="","",'Flag State Register'!F10) -> No | E26: =IF('Flag State Register'!H10="","",'Flag State Register'!H10)
A27: =IF('Flag State Register'!B11="","",'Flag State Register'!B11) -> Greece | B27: =IF('Flag State Register'!C11="","",'Flag State Register'!C11) -> Permits | C27: =IF('Flag State Register'!D11="","",'Flag State Register'!D11) -> Licence | D27: =IF('Flag State Register'!F11="","",'Flag State Register'!F11) -> No | E27: =IF('Flag State Register'!H11="","",'Flag State Register'!H11)
A28: =IF('Flag State Register'!B12="","",'Flag State Register'!B12) -> United Kingdom | B28: =IF('Flag State Register'!C12="","",'Flag State Register'!C12) -> Permits | C28: =IF('Flag State Register'!D12="","",'Flag State Register'!D12) -> Licence | D28: =IF('Flag State Register'!F12="","",'Flag State Register'!F12) -> No | E28: =IF('Flag State Register'!H12="","",'Flag State Register'!H12)
A29: =IF('Flag State Register'!B13="","",'Flag State Register'!B13) -> Hong Kong | B29: =IF('Flag State Register'!C13="","",'Flag State Register'!C13) -> Permits | C29: =IF('Flag State Register'!D13="","",'Flag State Register'!D13) -> Case-by-case | D29: =IF('Flag State Register'!F13="","",'Flag State Register'!F13) -> Yes | E29: =IF('Flag State Register'!H13="","",'Flag State Register'!H13)
A30: =IF('Flag State Register'!B14="","",'Flag State Register'!B14) -> Portugal | B30: =IF('Flag State Register'!C14="","",'Flag State Register'!C14) -> Permits | C30: =IF('Flag State Register'!D14="","",'Flag State Register'!D14) -> Case-by-case | D30: =IF('Flag State Register'!F14="","",'Flag State Register'!F14) -> Yes | E30: =IF('Flag State Register'!H14="","",'Flag State Register'!H14)
A31: =IF('Flag State Register'!B15="","",'Flag State Register'!B15) -> Bahamas | B31: =IF('Flag State Register'!C15="","",'Flag State Register'!C15) -> Permits | C31: =IF('Flag State Register'!D15="","",'Flag State Register'!D15) -> Case-by-case | D31: =IF('Flag State Register'!F15="","",'Flag State Register'!F15) -> Yes | E31: =IF('Flag State Register'!H15="","",'Flag State Register'!H15)
A32: =IF('Flag State Register'!B16="","",'Flag State Register'!B16) -> Singapore | B32: =IF('Flag State Register'!C16="","",'Flag State Register'!C16) -> Permits | C32: =IF('Flag State Register'!D16="","",'Flag State Register'!D16) -> Case-by-case | D32: =IF('Flag State Register'!F16="","",'Flag State Register'!F16) -> Yes | E32: =IF('Flag State Register'!H16="","",'Flag State Register'!H16)
... A57: =IF('Flag State Register'!B41="","",'Flag State Register'!B41) -> Comoros | B57: =IF('Flag State Register'!C41="","",'Flag State Register'!C41) -> Unknown (likely permissive) | C57: =IF('Flag State Register'!D41="","",'Flag State Register'!D41) -> Unknown | D57: =IF('Flag State Register'!F41="","",'Flag State Register'!F41) -> No Previous Activity | E57: =IF('Flag State Register'!H41="","",'Flag State Register'!H41)

Sheet Methodology
A2: REGISTER METHODOLOGY AND DEFINITIONS
A4: COLUMN DEFINITIONS
A6: Flag State | B6: The national flag under which a vessel is registered and which has regulatory authority over the vessel.
A7: PCASP Stance | B7: Whether the flag state permits, prohibits, or has no known position on the placement of PCASP on board. Values: Permits / Does Not Permit / No Known Stance / Unknown.
A8: Approval Model | B8: The mechanism by which the flag state authorises PCASP. Licence = standing approval (annual or multi-year). Case-by-case = per-voyage or per-transit approval. Notification = flag state must be informed but does not issue formal approval.
A9: Key Legislation / Circular | B9: The primary legislation, merchant marine circular, or official guidance document governing PCASP for this flag state.
A10: Seagull Approved | B10: Whether Seagull Maritime currently holds a valid licence or approval for this flag. Yes / No / No Previous Activity / N/A.
A11: Licence / Approval Ref | B11: Seagull's licence or approval reference number, where applicable.
A12: Expiry Date | B12: Date the current licence or approval expires. Highlighted in red/yellow where approaching or passed.
A13: Renewal Lead Time | B13: Typical time required to renew or obtain approval. Used for planning and commercial quoting.
A14: Application Route | B14: Who submits the application (PMSC or Client) and through what channel (portal, email, agent, etc.).
A15: Required Documents | B15: Documents that must be submitted as part of the flag approval process.
A16: Fees | B16: Any fees payable for the licence or per-transit approval.
A17: Fees Payable By | B17: Who bears the cost: PMSC or Client.
... A22: Verified By | B22: Person who last verified this entry.
A25: REVIEW CYCLE
A26: This register is reviewed quarterly by the Group Compliance Director. Ad hoc reviews are triggered by: new flag state legislation or circular, commercial engagement with a new flag, operational incident, internal or external audit finding, or client request. All changes are logged with date and verifier.

Sheet Instructions
A2: INSTRUCTIONS FOR USE
A4: 1. This register is the single source of truth for flag state PCASP requirements across all Seagull Maritime entities.
A5: 2. Before issuing any quotation for a vessel whose flag is known, check the Flag State Register tab for that flag's current status and requirements.
A6: 3. If a flag is not listed, escalate to the Group Compliance Director before proceeding. Do not assume requirements.
A7: 4. Entries marked 'NOT YET VERIFIED' must be verified against current legislation before relying on them operationally.
A8: 5. The Expiry Date column must be monitored monthly. Any licence approaching expiry within 60 days must be flagged to the Group Compliance Director.
A9: 6. When a flag entry is verified or updated, record the date and your name in the Last Verified and Verified By columns.
A10: 7. New flags should be added by the Group Compliance Director only. Do not add rows without approval.
A11: 8. This register feeds into the External References and Standards Procedure (SM/INT/PRO/004) and the Flag Eligibility Portal.
A12: 9. Any queries about flag requirements should be directed to the Group Compliance Director.
A13: 10. Do not modify the formatting, structure, or formulas in this register without approval.
