Workbook

Sheet RA Information
A2: SEV CRITICAL SPARES RISK ASSESSMENT – EXAMPLE VESSEL
A4: RISK MANAGEMENT INFORMATION
A6: Risk Assessment ID: | B6: SM RA-SEV/EXV1/001 | C6: Vessel: | D6: Example Vessel (Example Vessel Type)
A7: Vessel Provider: | B7: Example Provider Ltd | C7: Operating Region: | D7: West Africa (Gulf of Guinea)
A8: Activity Description: | B8: Assessment of critical equipment spare parts availability and associated operational risk for Example Vessel operating as a Security Escort Vessel (SEV) in the West Africa region. This assessment identifies equipment failure scenarios, evaluates the operational and security impact, and verifies that adequate critical spares are maintained onboard to support continuous vessel operations.
A9: Assessed by: | B9: Group Compliance Director | C9: Assessment Date: | D9: March 2026
A10: Contributors: | B10: [TO BE COMPLETED BY PROJECT TEAM] | C10: Review Date: | D10: [TO BE COMPLETED]
A11: Approved by: | B11: Group Compliance Director | C11: Next Review: | D11: 46082
A13: RESPONSIBLE PERSONS
A14: Role: | B14: WAF Compliance Operations Manager | C14: Responsibility: | D14: Overall responsibility for ensuring vessel readiness and spares compliance for Seagull Maritime
A15: Role: | B15: Chief Engineer / Electrician | C15: Responsibility: | D15: Day-to-day inspection, testing, and inventory management of all engineering and electrical spares
A16: Role: | B16: Ship Security Officer (SSO) | C16: Responsibility: | D16: Responsibility for security equipment spares and operational readiness
A17: Role: | B17: Master | C17: Responsibility: | D17: Overall vessel safety and ensuring critical equipment is functional and spares are available
A19: COMMUNICATION & CONSULTATION / MONITORING & REVIEW
A20: This risk assessment must be shared with the Chief Engineer and all responsible officers. Any changes to spares availability must be reported to the Operations Manager immediately. Critical shortfalls identified must trigger a procurement request before the vessel deploys on task.
A21: This assessment must be reviewed: (a) quarterly during normal operations, (b) after any equipment failure incident, (c) before deployment on a new client contract, and (d) when the vessel inventory report is updated by the Chief Engineer.
A22: Source document: Critical Equipment Parts Inventory – Example Vessel, dated February 2026, signed by Captain and Chief Engineer, provided by Example Provider Ltd.

Sheet Methodology
A2: RISK ASSESSMENT METHODOLOGY
B4: Likelihood x Consequence = Risk Rating
B6: Likelihood | D6: x | E6: Consequence
B7: 1 | C7: Rare | E7: 1 | F7: Minor inconvenience
B8: 2 | C8: Unlikely | E8: 2 | F8: Reduced capability
B9: 3 | C9: Possible | E9: 3 | F9: Mission degradation
B10: 4 | C10: Likely | E10: 4 | F10: Mission failure
B11: 5 | C11: Almost Certain | E11: 5 | F11: Loss of life / vessel
B14: Risk Rating = Likelihood x Consequence (pre-controls)
B15: Residual Risk = Risk after spare parts and controls are verified onboard
A17: Risk Level Key:
B18: 1–6 | C18: Low | D18: Acceptable risk. Monitor through routine inspection schedule.
B19: 8–12 | C19: Medium | D19: Tolerable with controls in place. Ensure spares are maintained and inspected.
B20: 15–25 | C20: High | D20: Unacceptable without mitigation. Vessel must not deploy until spares shortfall is resolved.

Sheet SEV Critical Spares Register
A2: SEV CRITICAL SPARES REGISTER
A3: Vessel: | B3: Example Vessel | E3: Provider: | F3: Example Provider Ltd | I3: Inventory Date: | J3: February 2026 | M3: Document Ref: | N3: SM RA-SEV/EXV1/001
A5: System Category | B5: Equipment / Spare Part | C5: Failure Scenario | D5: Operational / Security Impact | E5: Likelihood (1-5) | F5: Consequence (1-5) | G5: Risk Rating (L x C) | H5: Risk Level | I5: Existing Controls | J5: Required Critical Spares | K5: Required Quantity | L5: Quantity on Board | M5: Responsible Officer | N5: Inspection / Test Frequency | O5: Residual Risk | P5: Remarks
A6: Propulsion | B6: Main Engine | C6: Engine failure | D6: Loss of escort and evasive capability | E6: 3 | F6: 5 | G6: =E6*F6 -> 15 | H6: =IF(G6="","",IF(G6<=6,"Low",IF(G6<=12,"Medium","High"))) -> High | I6: PMS, redundancy | J6: Filters lub oil | K6: 4 pcs | L6: 4 pcs | M6: Chief Engineer | N6: Daily / Weekly | O6: Medium
J7: filter for fuel | K7: 12 pcs | L7: 12 pcs
J8: breather | K8: nil | L8: nil
J9: valve cover | K9: 7 pcs | L9: 7 pcs
J10: separ filter | K10: 6 pcs | L10: 6 pcs
J11: zinc anodes | K11: 24 pcs | L11: 24 pcs
J12: exhaust manifold | K12: 8 pcs | L12: 8 pcs
A13: Propulsion | B13: Fuel / Water Pump | C13: Pump seizure | D13: Total loss of propulsion | E13: 3 | F13: 5 | G13: =E13*F13 -> 15 | H13: =IF(G13="","",IF(G13<=6,"Low",IF(G13<=12,"Medium","High"))) -> High | I13: Planned maintenance | J13: Spare SUBMERSIBLE PUMP | K13: 1 pcs | L13: 1 pcs | M13: Chief Engineer | N13: Weekly | O13: Medium
A14: Gearbox system | B14: Gear Box | C14: gearbox failure | D14: loss of propulsion control | E14: 3 | F14: 5 | G14: =E14*F14 -> 15 | H14: =IF(G14="","",IF(G14<=6,"Low",IF(G14<=12,"Medium","High"))) -> High | I14: Planned maintenance | J14: Gearbox filter | K14: 7 pcs | L14: 7 pcs | M14: Chief Engineer | N14: Weekly | O14: Medium
J15: seals | K15: 1 pack | L15: 1 pack
A16: Emergency steering | B16: system push solonoid | C16: emergency steering | D16: loss of vessel heading control | E16: 3 | F16: 5 | G16: =E16*F16 -> 15 | H16: =IF(G16="","",IF(G16<=6,"Low",IF(G16<=12,"Medium","High"))) -> High | I16: Planned maintenance | J16: spare push solonoid | K16: 2pcs | L16: 2pcs | M16: Chief Engineer | N16: Weekly | O16: Medium
A17: Propulsion | B17: Steering Gear | C17: Hydraulic failure | D17: Loss of vessel control | E17: 2 | F17: 5 | G17: =E17*F17 -> 10 | H17: =IF(G17="","",IF(G17<=6,"Low",IF(G17<=12,"Medium","High"))) -> Medium | I17: Redundant hydraulics | J17: Hoses | K17: 2 pcs | L17: 2 pcs | M17: Chief Engineer | N17: Weekly | O17: Low
J18: Seals | K18: 4pcs | L18: 4pcs
J19: Fluid | K19: 100 ltrs | L19: 100 ltrs
A20: Ship Auxilliary (generator) and Alternators | B20: Generator Set | C20: Generator failure | D20: Loss of power to sensors/comms | E20: 3 | F20: 5 | G20: =E20*F20 -> 15 | H20: =IF(G20="","",IF(G20<=6,"Low",IF(G20<=12,"Medium","High"))) -> High | I20: Dual gensets | J20: Separ Filters | K20: 06 pcs | L20: 06 pcs | M20: Chief Engineer/Electrician | N20: Daily | O20: Medium
I21: Planned maintenance | J21: fuel filter | K21: 8 pcs | L21: 8 pcs
J22: lub oil filter | K22: 6 pcs | L22: 6 pcs
J23: air filter in an out | K23: 3 pcs In / 4 pcs out | L23: 3 pcs In / 4 pcs out
J24: breather | K24: 6 pcs | L24: 6 pcs
J25: seal pack | K25: 2 pcs | L25: 2 pcs
J26: valve seal cover | K26: 2 pcs | L26: 2 pcs
J27: fuel lifting pump | K27: 1 pcs | L27: 1 pcs
J28: AVR | K28: 1 pcs | L28: 1 pcs
A29: Electrical | B29: Batteries | C29: Battery failure | D29: No start / blackout | E29: 3 | F29: 4 | G29: =E29*F29 -> 12 | H29: =IF(G29="","",IF(G29<=6,"Low",IF(G29<=12,"Medium","High"))) -> Medium | I29: Routine testing/battery log | J29: Spare batteries | K29: 1pcs x 200amps / 12v | L29: 1pcs x 200amps / 12v | M29: Chief Engineer/Electrician | N29: Weekly | O29: Low
A30: Electrical | B30: breakers | C30: Breaker failure | D30: Partial blackout | E30: 2 | F30: 4 | G30: =E30*F30 -> 8 | H30: =IF(G30="","",IF(G30<=6,"Low",IF(G30<=12,"Medium","High"))) -> Medium | I30: Thermal checks | J30: Breaker 1C 60N 4P C16 | K30: 1 pcs | L30: 1 pcs | M30: Chief Engineer/Electrician | N30: Monthly | O30: Low
J31: Breaker 4P C32 | K31: 1 pcs | L31: 1 pcs
J32: Breaker 1C 60N 3P C16 | K32: 1 pcs | L32: 1 pcs
J33: Breaker 1CN60N 3P C10 | K33: 1 pcs | L33: 1 pcs
J34: Breaker 1CN60N 3P C32 | K34: 1 pcs | L34: 1 pcs
J35: Breaker 2P 2A C60N-C | K35: 1 pcs | L35: 1 pcs
J36: Breaker 1C 60N 2P 400V 50HZ AC/DC 1P20 | K36: 1 pcs | L36: 1 pcs
A37: Electrical battery chargers | B37: volt charger | C37: charger failure | D37: Partial blackout | E37: 2 | F37: 4 | G37: =E37*F37 -> 8 | H37: =IF(G37="","",IF(G37<=6,"Low",IF(G37<=12,"Medium","High"))) -> Medium | I37: status periodic checks/ logging | J37: spare volt master charger | K37: 1 pcs | L37: 1 pcs | M37: Chief Engineer/Electrician | N37: daily | O37: Low
A38: Electrical Relays | B38: RELAYS | C38: Breaker failure | D38: Partial equipment failure | E38: 2 | F38: 4 | G38: =E38*F38 -> 8 | H38: =IF(G38="","",IF(G38<=6,"Low",IF(G38<=12,"Medium","High"))) -> Medium | I38: routine checks | J38: Socket relay clamp | K38: 1 pcs | L38: 1 pcs | M38: Chief Engineer/Electrician | N38: daily | O38: Low
J39: Base relay RXM-4A/4G | K39: 1 pcs | L39: 1 pcs
J40: Relay zelio RXM 2C/O-230VAC MINIATURE PLUG IN RELAY | K40: 1 pcs | L40: 1 pcs
J41: mini relay 12A 2W VDC | K41: 1 pcs | L41: 1 pcs | M41: Chief Engineer/Electrician
A42: Air-Condition system | B42: Air condition system | C42: compressor failure | D42: Partial equipment failure | E42: 2 | F42: 4 | G42: =E42*F42 -> 8 | H42: =IF(G42="","",IF(G42<=6,"Low",IF(G42<=12,"Medium","High"))) -> Medium | I42: routine checks | J42: compressor pressure witch | K42: 6 pcs | L42: 6 pcs | M42: Chief Engineer/Electrician | N42: daily | O42: Low
J43: A/C fan belt | K43: 2 pcs | L43: 2 pcs
J44: Evaporator FILTER | K44: NIL | L44: NIL
J45: Evaporator louver comb | K45: 1 PCS | L45: 1 PCS
J46: condenser cleaner brush | K46: 2 PCS | L46: 2 PCS
J47: refrigerator freon | K47: 5 cylinders | L47: 5 cylinders
J48: compressor oil | K48: 5 x 5ltrs | L48: 5 x 5ltrs
A49: ELECTRICAL FUSES | B49: EQUIPMENT FUSES | C49: power failure | D49: Partial equipment failure | E49: 2 | F49: 4 | G49: =E49*F49 -> 8 | H49: =IF(G49="","",IF(G49<=6,"Low",IF(G49<=12,"Medium","High"))) -> Medium | I49: routine checks | J49: Fuse 80A Low voltage HRC | K49: 6PCS | L49: 6PCS
J50: fuse 63A Low voltage HRC | K50: 6PCS | L50: 6PCS
J51: fuse 200A fuse to start battery box | K51: 6PCS | L51: 6PCS
J52: Fuse 50A low voltage HRC | K52: 6PCS | L52: 6PCS
J53: fuse 160A low volatage HRC | K53: 6PCS | L53: 6PCS
J54: fuse terminal block ( 303654)HESILED 24 | K54: 2 PCS | L54: 2 PCS
J55: Terminal fuse block ST4-HESI ( 5 X 20) | K55: 2 PCS | L55: 2 PCS
J56: Terminal fuse block ST4-HESI (250V 6.3A) | K56: NIL | L56: NIL
J57: FUSE 5 X 20 100ma low | K57: 20 PCS | L57: 20 PCS
J58: FUSE 4 A | K58: 12 pcs | L58: 12 pcs
J59: fuse 6A | K59: 20 PCS | L59: 20 PCS
J60: Glass fuse | K60: 20 PCS | L60: 20 PCS
J61: FUSE 5A | K61: 1 PCS | L61: 1 PCS
A62: Navigation | B62: Radar | C62: Radar blackout | D62: Reduced threat detection | E62: 3 | F62: 4 | G62: =E62*F62 -> 12 | H62: =IF(G62="","",IF(G62<=6,"Low",IF(G62<=12,"Medium","High"))) -> Medium | I62: Secondary radar | J62: Magnetron, PSU | K62: 2 pcs | L62: 2 pcs | M62: Master | N62: Daily test | O62: Low
J63: PSU | K63: 1 pcs | L63: 1 pcs
A64: Navigation | B64: GPS / ECDIS | C64: Signal loss | D64: Navigation degradation | E64: 2 | F64: 4 | G64: =E64*F64 -> 8 | H64: =IF(G64="","",IF(G64<=6,"Low",IF(G64<=12,"Medium","High"))) -> Medium | I64: Paper charts | J64: Handheld GPS | K64: asper Nav Area | L64: asper Nav Area | M64: Master | N64: Daily | O64: Low
A65: Navigation | B65: AIS | C65: Signal loss | D65: Navigation / information degradation | E65: 2 | F65: 4 | G65: =E65*F65 -> 8 | H65: =IF(G65="","",IF(G65<=6,"Low",IF(G65<=12,"Medium","High"))) -> Medium | I65: Spare units | J65: AIS SYSTEM | K65: 1 pcs | L65: 1 pcs | M65: Master | N65: Daily | O65: Low
A66: Navigation | B66: Night Vision / Thermal | C66: Unit failure | D66: Reduced night security | E66: 3 | F66: 4 | G66: =E66*F66 -> 12 | H66: =IF(G66="","",IF(G66<=6,"Low",IF(G66<=12,"Medium","High"))) -> Medium | I66: Spare units | J66: Batteries | K66: 4 pcs X 200amps / 12v | L66: 4 pcs X 200amps / 12v | M66: SSO | N66: Before night ops | O66: Low
J67: Spare Device | K67: 1 PCS | L67: 1 PCS
A68: Navigation lighting system | B68: spare bulbs/ spare unit | C68: blown bulb/ overload | D68: navigation safety at night | E68: 3 | F68: 4 | G68: =E68*F68 -> 12 | H68: =IF(G68="","",IF(G68<=6,"Low",IF(G68<=12,"Medium","High"))) -> Medium | I68: Spare units | J68: Navigation light bulb 24v 25w PIN | K68: 3 pcs | L68: 3 pcs | M68: Chief Engineer/Electrician | N68: Daily test | O68: low
J69: BULB OSRAM 28WATTS | K69: 2 PCS | L69: 2 PCS
J70: Navigation light bulb 24v 25w SCREW | K70: 8 PCS | L70: 8 PCS
A71: Communications | B71: VHF Radio | C71: Radio failure | D71: Loss of coordination | E71: 3 | F71: 5 | G71: =E71*F71 -> 15 | H71: =IF(G71="","",IF(G71<=6,"Low",IF(G71<=12,"Medium","High"))) -> High | I71: Backup handhelds | J71: Handheld VHF Radio | K71: 2 pcs | L71: 2 pcs | M71: SSO | N71: Daily | O71: Low
A72: Communications | B72: SATCOM | C72: Terminal failure | D72: Loss of external reporting | E72: 2 | F72: 4 | G72: =E72*F72 -> 8 | H72: =IF(G72="","",IF(G72<=6,"Low",IF(G72<=12,"Medium","High"))) -> Medium | I72: Redundant channels | J72: Spare handset | K72: 2 pcs | L72: 2 pcs | M72: Master | N72: Weekly | O72: Low
A73: Communications | B73: Internal Comms | C73: Intercom failure | D73: Delayed response | E73: 2 | F73: 3 | G73: =E73*F73 -> 6 | H73: =IF(G73="","",IF(G73<=6,"Low",IF(G73<=12,"Medium","High"))) -> Low | I73: Manual procedures | J73: Headsets | K73: 2 pcs | L73: 2 pcs | M73: SSO | N73: Weekly | O73: Low
A74: Security | B74: Weapon Mounts | C74: Mount failure | D74: Reduced deterrence | E74: 2 | F74: 5 | G74: =E74*F74 -> 10 | H74: =IF(G74="","",IF(G74<=6,"Low",IF(G74<=12,"Medium","High"))) -> Medium | I74: Pre-mission checks | J74: Mount hardware kit | M74: Team Leader | N74: Before mission | O74: Low
A75: Security | B75: Optics / Sights | C75: Optic damage | D75: Reduced accuracy | E75: 3 | F75: 4 | G75: =E75*F75 -> 12 | H75: =IF(G75="","",IF(G75<=6,"Low",IF(G75<=12,"Medium","High"))) -> Medium | I75: Protective cases | J75: Spare optics | M75: Team Leader | N75: Before mission | O75: Low
A76: Security | B76: Non-lethal Devices | C76: Power failure | D76: Escalation control reduced | E76: 2 | F76: 3 | G76: =E76*F76 -> 6 | H76: =IF(G76="","",IF(G76<=6,"Low",IF(G76<=12,"Medium","High"))) -> Low | I76: Battery management | J76: Power pack | M76: Team Leader | N76: Monthly | O76: Low
A77: Safety | B77: Fire Pump | C77: Pump failure | D77: Fire uncontrolled | E77: 2 | F77: 5 | G77: =E77*F77 -> 10 | H77: =IF(G77="","",IF(G77<=6,"Low",IF(G77<=12,"Medium","High"))) -> Medium | I77: Secondary pump(karma pump) | J77: Impeller | K77: 6 pcs | L77: 6 pcs | M77: Chief Engineer | N77: Weekly | O77: Low
J78: Seals | K78: 6 pcs | L78: 6 pcs
A79: Safety | B79: Fire Extinguishers | C79: Expired / empty | D79: Injury / damage | E79: 2 | F79: 5 | G79: =E79*F79 -> 10 | H79: =IF(G79="","",IF(G79<=6,"Low",IF(G79<=12,"Medium","High"))) -> Medium | I79: Monthly inspection | J79: Certified spares | K79: 6 pcs x 6kg | L79: 6 pcs x 6kg | M79: Chief Mate | N79: Monthly | O79: Low
A80: Safety | B80: Medical Trauma Kit | C80: Insufficient supplies | D80: Inadequate casualty care | E80: 3 | F80: 4 | G80: =E80*F80 -> 12 | H80: =IF(G80="","",IF(G80<=6,"Low",IF(G80<=12,"Medium","High"))) -> Medium | I80: Inventory checks | J80: Tourniquets | M80: Medic / Master | N80: Before deployment | O80: Low
J81: Dressings | K81: 1 pack | L81: 1 pack
A82: Safety | B82: fire detector system | C82: fire detector failure | D82: inactive smoke and fire detection system | E82: 3 | F82: 4 | G82: =E82*F82 -> 12 | H82: =IF(G82="","",IF(G82<=6,"Low",IF(G82<=12,"Medium","High"))) -> Medium | I82: weekly testing | J82: push button red led& lens | K82: 6 pcs | L82: 6 pcs | M82: Chief Engineer/Electrician | N82: Weekly | O82: Low
J83: push button complet green | K83: 1 PCS | L83: 1 PCS
J84: fire alarm call point and back case | K84: 1 PCS | L84: 1 PCS
J85: heat detecr 90 degree 1p44 | K85: 3 pcs | L85: 3 pcs

Sheet Risk Dashboard
A2: RISK DASHBOARD
B4: Vessel: | C4: Example Vessel | D4: Document Ref: | E4: SM RA-SEV/EXV1/001 | F4: Date: | G4: March 2026
B6: RISK SUMMARY
B7: Metric | C7: Count
B8: Total Risk Items Assessed | C8: =COUNTIF('SEV Critical Spares Register'!G6:G85,">0") -> 27
B9: High Risk Items | C9: =COUNTIF('SEV Critical Spares Register'!H6:H85,"High") -> 6
B10: Medium Risk Items | C10: =COUNTIF('SEV Critical Spares Register'!H6:H85,"Medium") -> 19
B11: Low Risk Items | C11: =COUNTIF('SEV Critical Spares Register'!H6:H85,"Low") -> 2
B12: Average Risk Rating | C12: =IFERROR(AVERAGE('SEV Critical Spares Register'!G6:G85),"") -> 10.740741
B13: Highest Risk Rating | C13: =MAX('SEV Critical Spares Register'!G6:G85) -> 15
B16: RISK BY SYSTEM CATEGORY
B17: System Category | C17: Items | D17: Avg Risk Rating | E17: Max Risk Rating
B18: Propulsion | C18: =COUNTIFS('SEV Critical Spares Register'!A6:A85,"*Propulsion*",'SEV Critical Spares Register'!G6:G85,"<>") -> 3 | D18: =IFERROR(AVERAGEIFS('SEV Critical Spares Register'!G6:G85,'SEV Critical Spares Register'!A6:A85,"*Propulsion*"),"") -> 13.333333 | E18: =IFERROR(_xludf.maxifs('SEV Critical Spares Register'!G6:G85,'SEV Critical Spares Register'!A6:A85,"*Propulsion*"),"")
B19: Gearbox | C19: =COUNTIFS('SEV Critical Spares Register'!A6:A85,"*Gearbox*",'SEV Critical Spares Register'!G6:G85,"<>") -> 1 | D19: =IFERROR(AVERAGEIFS('SEV Critical Spares Register'!G6:G85,'SEV Critical Spares Register'!A6:A85,"*Gearbox*"),"") -> 15 | E19: =IFERROR(_xludf.maxifs('SEV Critical Spares Register'!G6:G85,'SEV Critical Spares Register'!A6:A85,"*Gearbox*"),"")
B20: Emergency steering | C20: =COUNTIFS('SEV Critical Spares Register'!A6:A85,"*Emergency steering*",'SEV Critical Spares Register'!G6:G85,"<>") -> 1 | D20: =IFERROR(AVERAGEIFS('SEV Critical Spares Register'!G6:G85,'SEV Critical Spares Register'!A6:A85,"*Emergency steering*"),"") -> 15 | E20: =IFERROR(_xludf.maxifs('SEV Critical Spares Register'!G6:G85,'SEV Critical Spares Register'!A6:A85,"*Emergency steering*"),"")
B21: Electrical | C21: =COUNTIFS('SEV Critical Spares Register'!A6:A85,"*Electrical*",'SEV Critical Spares Register'!G6:G85,"<>") -> 5 | D21: =IFERROR(AVERAGEIFS('SEV Critical Spares Register'!G6:G85,'SEV Critical Spares Register'!A6:A85,"*Electrical*"),"") -> 8.8 | E21: =IFERROR(_xludf.maxifs('SEV Critical Spares Register'!G6:G85,'SEV Critical Spares Register'!A6:A85,"*Electrical*"),"")
B22: Air-Condition | C22: =COUNTIFS('SEV Critical Spares Register'!A6:A85,"*Air-Condition*",'SEV Critical Spares Register'!G6:G85,"<>") -> 1 | D22: =IFERROR(AVERAGEIFS('SEV Critical Spares Register'!G6:G85,'SEV Critical Spares Register'!A6:A85,"*Air-Condition*"),"") -> 8 | E22: =IFERROR(_xludf.maxifs('SEV Critical Spares Register'!G6:G85,'SEV Critical Spares Register'!A6:A85,"*Air-Condition*"),"")
B23: Navigation | C23: =COUNTIFS('SEV Critical Spares Register'!A6:A85,"*Navigation*",'SEV Critical Spares Register'!G6:G85,"<>") -> 5 | D23: =IFERROR(AVERAGEIFS('SEV Critical Spares Register'!G6:G85,'SEV Critical Spares Register'!A6:A85,"*Navigation*"),"") -> 10.4 | E23: =IFERROR(_xludf.maxifs('SEV Critical Spares Register'!G6:G85,'SEV Critical Spares Register'!A6:A85,"*Navigation*"),"")
B24: Communications | C24: =COUNTIFS('SEV Critical Spares Register'!A6:A85,"*Communications*",'SEV Critical Spares Register'!G6:G85,"<>") -> 3 | D24: =IFERROR(AVERAGEIFS('SEV Critical Spares Register'!G6:G85,'SEV Critical Spares Register'!A6:A85,"*Communications*"),"") -> 9.6666667 | E24: =IFERROR(_xludf.maxifs('SEV Critical Spares Register'!G6:G85,'SEV Critical Spares Register'!A6:A85,"*Communications*"),"")
B25: Security | C25: =COUNTIFS('SEV Critical Spares Register'!A6:A85,"*Security*",'SEV Critical Spares Register'!G6:G85,"<>") -> 3 | D25: =IFERROR(AVERAGEIFS('SEV Critical Spares Register'!G6:G85,'SEV Critical Spares Register'!A6:A85,"*Security*"),"") -> 9.3333333 | E25: =IFERROR(_xludf.maxifs('SEV Critical Spares Register'!G6:G85,'SEV Critical Spares Register'!A6:A85,"*Security*"),"")
B26: Safety | C26: =COUNTIFS('SEV Critical Spares Register'!A6:A85,"*Safety*",'SEV Critical Spares Register'!G6:G85,"<>") -> 4 | D26: =IFERROR(AVERAGEIFS('SEV Critical Spares Register'!G6:G85,'SEV Critical Spares Register'!A6:A85,"*Safety*"),"") -> 11 | E26: =IFERROR(_xludf.maxifs('SEV Critical Spares Register'!G6:G85,'SEV Critical Spares Register'!A6:A85,"*Safety*"),"")
B29: SPARES COMPLIANCE STATUS
B30: Metric | C30: Count
B31: Total Spare Part Lines | C31: =COUNTA('SEV Critical Spares Register'!J6:J85)-COUNTBLANK('SEV Critical Spares Register'!J6:J85) -> 80
B32: Lines Showing "NIL" Stock | C32: =COUNTIF('SEV Critical Spares Register'!L6:L85,"*nil*")+COUNTIF('SEV Critical Spares Register'!L6:L85,"*NIL*") -> 6
