Workbook

Sheet Register Information
A2: LEGAL AND REGULATORY REQUIREMENTS REGISTER
A4: REGISTER INFORMATION
A6: Document Reference: | B6: SM/HSE/REG/002
A7: Document Title: | B7: Legal and Regulatory Requirements Register
A8: System: | B8: Health, Safety & Environment (ISO 45001) — cross-referenced to ISO 18788 / ISO 28007
A9: Version: | B9: 1.1
A10: Status: | B10: Approved
A11: Created by: | B11: Group Compliance Director
A12: Approved by: | B12: Pavel Shparber, CEO
A13: Effective Date: | B13: 1 April 2026
A14: Review Date: | B14: 1 October 2026
A15: Review Frequency: | B15: Annual per jurisdiction, and upon change in law, operations, or audit finding
A17: PURPOSE
A18: This register identifies all legal and regulatory requirements applicable to Seagull Maritime across each jurisdiction in which it operates. It satisfies ISO 45001 Clause 6.1.3 (Determination of legal requirements and other requirements) and provides cross-references to ISO 18788 and ISO 28007 where applicable. It is the auditable evidence that Seagull Maritime has identified, evaluated, and maintains awareness of its legal obligations.
A20: SCOPE
A21: All jurisdictions in which Seagull Maritime entities operate or hold offices: International (IMO/ILO/ISO), United Kingdom, Greece, Nigeria, United Arab Emirates. Additional jurisdiction tabs will be added as operations expand.
A23: RELATED DOCUMENTS
A24: SM/HSE/PRO/002 — Legal and Regulatory Compliance Procedure
A25: SM/INT/PRO/004 — External References and Standards Procedure
A26: SM/SEC/REG/001 — Flag State Requirements Register
A27: SM/INT/REG/007 — External Standards and References Register
A28: SM/INT/PRO/001 — NCR/OFI/CAPA Management Procedure
A30: REVISION HISTORY
A31: v1.0 | B31: 1 April 2026 — Initial issue (37 requirements across 5 jurisdictions).
A32: v1.1 | B32: 20 April 2026 — Pre-Libero Stage 1 refresh: dropdowns added to Category / Impact / Responsible / Status / Review Frequency; ISO 45001, 18788 and 28007 clause mappings completed on all rows; high-confidence issue and amendment dates populated; Next Review Date set to 30 June 2026 across all entries; Dashboard extended with Partial, Under Review and Compliant – N/A counts.

Sheet International
A2: LEGAL AND REGULATORY REQUIREMENTS — INTERNATIONAL
A4: Ref | B4: Category | C4: Legal / Standard Source | D4: Date of Issue | E4: Last Amendment | F4: Impact Assessment | G4: Key Requirement Summary | H4: ISO 45001 Clauses | I4: ISO 18788 Clauses | J4: ISO 28007 Clauses | K4: Applicability | L4: Responsible Role | M4: Compliance Status | N4: Evidence / Records | O4: Review Frequency | P4: Last Review Date | Q4: Next Review Date | R4: Comments / Actions
A5: INT-01 | B5: Maritime | C5: Maritime Labour Convention (MLC), 2006 | D5: 2006-02-23 | E5: 2022-12-23 | F5: Not Assessed | G5: Ensure seafarer welfare: medical fitness, minimum rest, decent conditions, complaint mechanisms; verify through MLC documentation where applicable. | H5: 7.1, 8.1, 8.2, 9.1.2 | I5: 4.3, 6.1.3, 6.1.4, 9.1.3 | J5: 6.4, 6.5, 8.4, 9.1 | K5: Armed / Unarmed (maritime-linked roles) | L5: QHSE Manager | M5: Not Assessed | N5: Medical fitness certificates; rest-hour logs; welfare checks; DMLC references (if shipowner); deployment files | O5: Annual | Q5: 46203
A6: INT-02 | B6: Maritime | C6: SOLAS Convention (as applicable) | D6: 1974-11-01 | E6: 2024-01-01 | F6: Not Assessed | G6: Maintain emergency preparedness interface: emergency roles, drills coordination, muster familiarity for deployed personnel; align shipboard emergency integration. | H6: 8.2 | I6: 8.2 | J6: 8.1 | K6: Armed / Unarmed (embarked / interface) | L6: Operations Manager | M6: Not Assessed | N6: ERP; drill participation records; emergency contact trees; briefing records | O6: Event-driven | Q6: 46203
A7: INT-03 | B7: Maritime | C7: ISM Code (Safety Management) | D7: 1993-11-04 | E7: 2022-01-01 | F7: Not Assessed | G7: Integrate with vessel SMS interface: change control, incident reporting, competence, and operational controls impacting safety. | H7: 5.3, 6.1, 7.5, 8.1.3, 10.2 | I7: 5.3, 6.1.1, 8.3, 8.4, 10.2 | J7: 5.2, 6.2, 8.1, 8.3 | K7: Armed / Unarmed (embarked / interface) | L7: Operations Manager | M7: Not Assessed | N7: Interface procedures with Master; ship briefing records; incident reporting SOPs | O7: Event-driven | Q7: 46203
A8: INT-04 | B8: OH&S | C8: ISO 45001:2018 | D8: 2018-03-12 | F8: Not Assessed | G8: Maintain OH&S MS: hazards, legal register, objectives, training, consultation, incident investigation, compliance evaluation. | H8: All clauses (4–10) | I8: All clauses (parallel MS structure) | J8: All clauses (parallel MS structure) | K8: All | L8: IMS Manager | M8: Not Assessed | N8: IMS manual; risk assessments; objectives & KPI; audit & management review minutes | O8: Annual | Q8: 46203
A9: INT-05 | B9: OH&S / Security | C9: ISO 18788:2015 | D9: 2015-11-01 | E9: 2021-01-01 | F9: Not Assessed | G9: Implement private security operations MS: duty of care, human rights due diligence, use-of-force governance, operational planning, incident mgmt, grievance mechanisms. | H9: 5.1, 5.2, 6.1, 7.2, 8.1, 10.2 | I9: All clauses (4–10) | J9: All clauses (overlapping HLS) | K9: Unarmed / Armed | L9: Security Director | M9: Not Assessed | N9: HRDD records; RUF/RoE; vetting; training matrix; grievance/complaints log; post-incident care records | O9: Quarterly | Q9: 46203
A10: INT-06 | B10: Firearms / Security | C10: ISO 28007-1:2015 | D10: 2015-12-01 | E10: 2021-01-01 | F10: Not Assessed | G10: For armed PMSO on board: firearms lifecycle controls, armoury procedures, competence/medical fitness, ship interface, incident & use-of-force reporting. | H10: 6.1, 8.1, 8.2 | I10: 8.1, 8.3, 8.4, 8.5, 8.6 | J10: All clauses (4–10) | K10: Armed only | L10: Security Director / Armoury Officer | M10: Not Assessed | N10: Armoury SOP; weapon issue/return logs; inventory; ND controls; live-fire quals; post-use reporting | O10: Quarterly | Q10: 46203

Sheet United Kingdom
A2: LEGAL AND REGULATORY REQUIREMENTS — UNITED KINGDOM
A4: Ref | B4: Category | C4: Legal / Standard Source | D4: Date of Issue | E4: Last Amendment | F4: Impact Assessment | G4: Key Requirement Summary | H4: ISO 45001 Clauses | I4: ISO 18788 Clauses | J4: ISO 28007 Clauses | K4: Applicability | L4: Responsible Role | M4: Compliance Status | N4: Evidence / Records | O4: Review Frequency | P4: Last Review Date | Q4: Next Review Date | R4: Comments / Actions
A5: UK-01 | B5: OH&S | C5: Health and Safety at Work etc. Act 1974 | D5: 1974 | E5: 2015-03-26 | F5: Not Assessed | G5: Provide safe working, safe systems, information/training/supervision. | H5: 5.1, 5.3, 6.1.2, 7.2, 7.3, 8.1 | I5: 5.1, 6.1.1, 7.2 | J5: 6.3 | K5: Office / Unarmed | L5: UK Country Manager | M5: Not Assessed | N5: Risk assessments; policies | O5: Annual | Q5: 46203
A6: UK-02 | B6: OH&S | C6: Management of Health and Safety at Work Regulations 1999 | D6: 1999-12-29 | E6: 2003-09-01 | F6: Not Assessed | G6: Conduct suitable and sufficient risk assessments; arrange competent assistance. | H6: 6.3 | I6: 5.3, 6.1.1, 6.1.3 | J6: 6.1 | K6: Office / Unarmed | L6: UK HSE Focal Point | M6: Not Assessed | N6: RA register; competent person records | O6: Annual | Q6: 46203
A7: UK-03 | B7: OH&S | C7: Working Time Regulations 1998 | D7: 1998-10-01 | E7: 2020-12-31 | F7: Not Assessed | G7: Manage working hours/rest and fatigue; record where required. | H7: 7.2, 8.1, 10.2 | I7: 6.1.3, 8.3 | J7: 7.2 | K7: Office / Unarmed | L7: HR Manager | M7: Not Assessed | N7: Time/attendance records | O7: Annual | Q7: 46203
A8: UK-04 | B8: Fire | C8: Regulatory Reform (Fire Safety) Order 2005 | D8: 2005-06-15 | E8: 2022-05-01 | F8: Not Assessed | G8: Maintain fire risk assessment (FRA). Fire precautions, evacuation plan, fire drills. | H8: 8.2 | I8: 8.2 | J8: 8.1 | K8: Office | L8: Facilities Manager | M8: Not Assessed | N8: FRA; fire drill records | O8: Annual | Q8: 46203
A9: UK-05 | B9: OH&S | C9: Workplace (Health, Safety and Welfare) Regulations 1992 | D9: 1992-12-18 | E9: 2002-10-09 | F9: Not Assessed | G9: Provide suitable workspace conditions: ventilation, lighting, welfare, safety. | H9: 6.1, 8.1 | I9: 7.4 | J9: 7.1 | K9: Office | L9: Facilities Manager | M9: Not Assessed | N9: HSE assessment | O9: Annual | Q9: 46203
A10: UK-06 | B10: OH&S | C10: Display Screen Equipment Regulations 1992 | D10: 1992-12-18 | E10: 2002-10-09 | F10: Not Assessed | G10: Provide suitable DSE workstations, provide training, manage musculoskeletal risks. | H10: 6.1, 7.2 | I10: 6.1, 7.3 | J10: 7.2 | K10: Office / Unarmed | L10: UK HSE Focal Point | M10: Not Assessed | N10: DSE assessments | O10: Annual | Q10: 46203
A11: UK-07 | B11: OH&S | C11: Manual Handling Operations Regulations 1992 | D11: 1992-12-18 | E11: 2002-10-09 | F11: Not Assessed | G11: Avoid hazardous manual handling; assess unavoidable risks; reduce risk. | H11: 6.1, 7.2, 8.1 | I11: 6.1, 7.3 | J11: 7.1 | K11: Office / Logistics | L11: Facilities Manager | M11: Not Assessed | N11: Manual handling assessments | O11: Annual | Q11: 46203
A12: UK-08 | B12: OH&S | C12: Control of Substances Hazardous to Health Regulations 2002 (COSHH) | D12: 2002-10-09 | E12: 2021-01-01 | F12: Not Assessed | G12: Assess and control exposure to hazardous substances (cleaning, maritime ops). | H12: 6.1, 7.2, 8.1 | I12: 6.1, 7.3 | J12: 7.1 | K12: Office / Unarmed | L12: Facilities Manager | M12: Not Assessed | N12: COSHH assessments | O12: Annual | Q12: 46203
A13: UK-09 | B13: OH&S | C13: Reporting of Injuries, Diseases and Dangerous Occurrences Regulations 2013 (RIDDOR) | D13: 2013-10-01 | E13: 2020-12-31 | F13: Not Assessed | G13: Report applicable injuries/diseases/dangerous occurrences to HSE; maintain records. | H13: 10.2, 9.1.2 | I13: 10.1, 10.2 | J13: 10.1 | K13: Office / Unarmed | L13: UK HSE Manager | M13: Not Assessed | N13: Incident reports | O13: Event-driven | Q13: 46203
A14: UK-10 | B14: Firearms | C14: Firearms Act 1968 | D14: 1968-07-25 | E14: 2017-01-31 | F14: Not Assessed | G14: If any firearms/ammunition are handled in UK jurisdiction, require appropriate licensing. | H14: 6.1.3, 8.1 | I14: 8.5 | J14: 7.1, 7.2, 8.1, 8.3 | K14: Armed only | L14: Security Director | M14: Not Assessed | N14: Licences (if any); compliance records | O14: Event-driven | Q14: 46203
A15: UK-11 | B15: Maritime | C15: Merchant Shipping Act 1995 | D15: 1995-07-19 | E15: 2023-01-01 | F15: Not Assessed | G15: When acting as shipowner/operator in UK scope; apply relevant sections. | H15: 6.1.3, 8.1 | I15: 6.1.3 | J15: 6.3 | K15: Maritime-linked | L15: Operations Manager | M15: Not Assessed | N15: Employment contracts; deployment records | O15: Event-driven | Q15: 46203
A16: UK-12 | B16: OH&S | C16: Health and Safety (Offences) Act 2008 | D16: 2008-10-16 | F16: Not Assessed | G16: Provide adequate and appropriate first aid equipment, facilities and training. | H16: 7.2, 8.1, 9.1.2 | I16: 7.3, 10.2 | J16: 5.4 | K16: Office / Unarmed | L16: Training Manager | M16: Not Assessed | N16: First aid needs assessment; certificates | O16: Annual | Q16: 46203
A17: UK-13 | B17: Maritime | C17: Merchant Shipping (Maritime Labour Convention) Regulations | D17: 2014-08-07 | E17: 2017-05-01 | F17: Not Assessed | G17: Ensure compliance requirements are met where ratio requires maritime certification. | H17: 7.2 | I17: 6.1.3 | J17: 7.2 | K17: Maritime-linked | L17: Training Manager | M17: Not Assessed | N17: Certificates; training records | O17: Annual | Q17: 46203

Sheet Greece
A2: LEGAL AND REGULATORY REQUIREMENTS — GREECE
A4: Ref | B4: Category | C4: Legal / Standard Source | D4: Date of Issue | E4: Last Amendment | F4: Impact Assessment | G4: Key Requirement Summary | H4: ISO 45001 Clauses | I4: ISO 18788 Clauses | J4: ISO 28007 Clauses | K4: Applicability | L4: Responsible Role | M4: Compliance Status | N4: Evidence / Records | O4: Review Frequency | P4: Last Review Date | Q4: Next Review Date | R4: Comments / Actions
A5: GR-01 | B5: OH&S | C5: Law 3850/2010 (Code on Health and Safety at Work) | D5: 2010-06-02 | E5: 2014-04-10 | F5: Not Assessed | G5: Implement OSH obligations: risk assessments, prevention measures, training, safety technician/occupational physician services where required. | H5: 6.1.2, 7.2, 7.3, 8.1, 10.2 | I5: 5.3, 6.1.1, 7.2 | J5: 6.1, 7.1 | K5: Office / Unarmed | L5: Greece Country Manager | M5: Not Assessed | N5: Risk assessments; training records; safety technician/occupational physician engagement; inspections | O5: Annual | Q5: 46203
A6: GR-04 | B6: Fire | C6: Fire safety regulations (Greece) | E6: 2022-01-01 | F6: Not Assessed | G6: Maintain fire precautions: detection/extinguishing systems, evacuation plan, fire drills, maintenance. | H6: 8.2 | I6: 8.2 | J6: 8.1 | K6: Office | L6: Facilities Manager | M6: Not Assessed | N6: Fire risk assessments; training records | O6: Annual | Q6: 46203
A7: GR-05 | B7: Labour | C7: Greek labour & employment legislation | F7: Not Assessed | G7: Manage working time/rest and fatigue; ensure duty of care for fixed-term personnel. | H7: 7.2, 8.1 | I7: 6.1.3, 8.3 | J7: 5.5 | K7: Office / Unarmed | L7: HR Manager | M7: Not Assessed | N7: Employment contracts; training records | O7: Annual | Q7: 46203
A8: GR-06 | B8: Firearms | C8: Law 2168/1993 (Firearms Act - Greece) | D8: 1993 | E8: 2014-09-10 | F8: Not Assessed | G8: Provide unarmed/armed assessments; if applicable, ensure lawful permits for firearms. | H8: 6.1.3, 8.1 | I8: 8.5 | J8: 7.1, 7.2, 8.1 | K8: Armed logistics | L8: Security Director | M8: Not Assessed | N8: Permits (if any); licences | O8: Event-driven | Q8: 46203
A9: GR-07 | B9: Maritime | C9: Hellenic Coast Guard requirements | F9: Not Assessed | G9: Ensure maritime interface compliance for Greek-flag engagements as applicable. | H9: 6.1.3, 8.1 | I9: 6.1.3, 8.2 | J9: 6.2, 8.1 | K9: Maritime-linked | L9: Operations Manager | M9: Not Assessed | N9: Deployment records | O9: Event-driven | Q9: 46203
A10: GR-08 | B10: OH&S | C10: Safety technician/physician requirements | D10: 1996-01-18 | E10: 2010-06-02 | F10: Not Assessed | G10: Recruit/engage safety technician and occupational physician as required. | H10: 5.4 | I10: 5.3, 6.1.1 | J10: 5.2 | K10: Office / Unarmed | L10: Greece Country Manager | M10: Not Assessed | N10: Appointment letters | O10: Annual | Q10: 46203

Sheet Nigeria
A2: LEGAL AND REGULATORY REQUIREMENTS — NIGERIA
A4: Ref | B4: Category | C4: Legal / Standard Source | D4: Date of Issue | E4: Last Amendment | F4: Impact Assessment | G4: Key Requirement Summary | H4: ISO 45001 Clauses | I4: ISO 18788 Clauses | J4: ISO 28007 Clauses | K4: Applicability | L4: Responsible Role | M4: Compliance Status | N4: Evidence / Records | O4: Review Frequency | P4: Last Review Date | Q4: Next Review Date | R4: Comments / Actions
A5: NG-01 | B5: OH&S | C5: Factories Act (Cap. F1, LFN 2004) | D5: 2004 | E5: 2004-01-01 | F5: Not Assessed | G5: Provide safe workplace conditions. Implement safety measures, welfare provisions. | H5: 6.1 | I5: 6.1 | J5: 6.1 | K5: Office | L5: Nigeria Country Manager | M5: Not Assessed | N5: Workplace inspections | O5: Annual | Q5: 46203
A6: NG-02 | B6: Labour | C6: Employees Compensation Act 2010 | D6: 2010-12-17 | F6: Not Assessed | G6: Maintain compensation coverage and processes for occupational injuries. | H6: 6.1 | I6: 10.1 | J6: 6.4 | K6: All staff | L6: HR Manager | M6: Not Assessed | N6: Insurance / NSITF registration | O6: Annual | Q6: 46203
A7: NG-03 | B7: Labour | C7: Labour Act (Cap. L1, LFN 2004) | D7: 2004-01-01 | E7: 2004-01-01 | F7: Not Assessed | G7: Meet worker welfare and conditions requirements; manage working time. | H7: 7.2, 8.1 | I7: 6.1.3 | J7: 8.5 | K7: All staff | L7: HR Manager | M7: Not Assessed | N7: NRMA/employment records | O7: Annual | Q7: 46203
A8: NG-04 | B8: Maritime | C8: NIMASA Act / Merchant Shipping Act | D8: 2007-07-25 | E8: 2023-01-01 | F8: Not Assessed | G8: Ensure applicable maritime interface compliance in Nigeria for operations. | H8: 6.1.3, 8.1 | I8: 6.1.3 | J8: 6.2 | K8: Maritime-linked | L8: Operations Manager | M8: Not Assessed | N8: Operational records | O8: Event-driven | Q8: 46203
A9: NG-05 | B9: Firearms | C9: Firearms Act (Cap. F28, LFN 2004) | D9: 2004-01-01 | E9: 2004-01-01 | F9: Not Assessed | G9: No possession/control of firearms or ammunition without appropriate licensing. | H9: 6.1.3, 8.1 | I9: 8.5 | J9: 7.1, 7.2, 8.1 | K9: Armed only / logistics | L9: Security Director | M9: Not Assessed | N9: Licences/permits | O9: Quarterly | Q9: 46203
A10: NG-06 | B10: Fire | C10: Federal Fire Service Act | D10: 2004-01-01 | F10: Not Assessed | G10: Maintain fire precautions, detection, alarms, evacuation plan, drills. | H10: 8.2 | I10: 8.2 | J10: 8.1 | K10: Office | L10: Facilities Manager | M10: Not Assessed | N10: Fire drill records | O10: Annual | Q10: 46203
A11: NG-07 | B11: Maritime | C11: NIMASA maritime security regulations | D11: 2014-01-01 | E11: 2023-01-01 | F11: Not Assessed | G11: For seafarer/maritime welfare interface; ensure duty of care, welfare. | H11: 6.1, 8.1 | I11: 6.1.3, 8.1 | J11: 6.5 | K11: Maritime-linked | L11: Operations Manager | M11: Not Assessed | N11: Welfare checks; certificates | O11: Annual | Q11: 46203

Sheet UAE
A2: LEGAL AND REGULATORY REQUIREMENTS — UAE
A4: Ref | B4: Category | C4: Legal / Standard Source | D4: Date of Issue | E4: Last Amendment | F4: Impact Assessment | G4: Key Requirement Summary | H4: ISO 45001 Clauses | I4: ISO 18788 Clauses | J4: ISO 28007 Clauses | K4: Applicability | L4: Responsible Role | M4: Compliance Status | N4: Evidence / Records | O4: Review Frequency | P4: Last Review Date | Q4: Next Review Date | R4: Comments / Actions
A5: UAE-01 | B5: OH&S | C5: UAE Labour Law (Federal Decree-Law No. 33 of 2021) | D5: 2022-02-02 | E5: 2024-01-01 | F5: Not Assessed | G5: Comply with employment conditions, working hours, leave, end of service, worker welfare, occupational safety. | H5: 6.1, 7.1, 8.1 | I5: 6.1.3, 6.1.4 | J5: 7.1 | K5: All staff (FZCO) | L5: UAE Country Manager / HR | M5: Not Assessed | N5: Employment contracts; MOHRE registration; WPS compliance; leave records | O5: Annual | Q5: 46203
A6: UAE-02 | B6: OH&S | C6: Ministerial Resolution No. 44 of 2022 (Occupational Safety) | D6: 2022 | F6: Not Assessed | G6: Implement occupational health and safety requirements: risk assessments, PPE, training, incident reporting, workplace conditions. | H6: 6.1, 6.1.2, 8.1, 10.2 | I6: 6.1, 7.3 | J6: 7.1 | K6: All staff | L6: QHSE Manager | M6: Not Assessed | N6: Risk assessments; training records; incident reports; workplace inspections | O6: Annual | Q6: 46203
A7: UAE-03 | B7: Fire | C7: UAE Fire and Life Safety Code of Practice (Civil Defence) | D7: 2018-01-01 | E7: 2023-01-01 | F7: Not Assessed | G7: Comply with fire safety requirements: fire risk assessment, fire alarm, suppression, evacuation plans, fire drills, Civil Defence approvals. | H7: 8.2 | I7: 8.2 | J7: 8.1.1 | K7: Office | L7: Facilities Manager | M7: Not Assessed | N7: Civil Defence certificate; fire drill records; FRA | O7: Annual | Q7: 46203
A8: UAE-04 | B8: Labour | C8: DIFC Employment Law (DIFC Law No. 2 of 2019) / FZCO Regulations | D8: 2019 | E8: 2021-01-01 | F8: Not Assessed | G8: Where applicable to free zone operations: employment terms, dispute resolution, worker protections. | H8: 7.2, 8.1 | I8: 6.1.3 | J8: 7.2 | K8: Office (FZCO) | L8: HR Manager | M8: Not Assessed | N8: FZCO registration; employment contracts | O8: Annual | Q8: 46203
A9: UAE-05 | B9: OH&S | C9: Ministerial Resolution No. 32 of 2022 (Heat Stress) | D9: 2022 | F9: Not Assessed | G9: Implement midday work ban (Jun-Sep 12:30-15:00); heat stress management for outdoor workers. | H9: 8.1 | I9: 6.1.3, 8.1 | J9: 7.2 | K9: All operational staff | L9: Operations Manager / QHSE | M9: Not Assessed | N9: Heat stress policy; rest break records; training | O9: Annual | Q9: 46203

Sheet Dashboard
A2: LEGAL REGISTER — DASHBOARD
A4: SUMMARY BY JURISDICTION
A6: Jurisdiction | B6: Total Requirements | C6: Compliant | D6: Not Assessed | E6: Non-Compliant | F6: Partial | G6: Under Review | H6: Compliant – N/A
A7: International | B7: =COUNTA(International!A5:A50) | C7: =COUNTIF(International!M5:M50,"Compliant") | D7: =COUNTIF(International!M5:M50,"Not Assessed") | E7: =COUNTIF(International!M5:M50,"Non-Compliant") | F7: =COUNTIF(International!M5:M50,"Partial") | G7: =COUNTIF(International!M5:M50,"Under Review") | H7: =COUNTIF(International!M5:M50,"Compliant - Not Currently Applicable")
A8: United Kingdom | B8: =COUNTA('United Kingdom'!A5:A50) | C8: =COUNTIF('United Kingdom'!M5:M50,"Compliant") | D8: =COUNTIF('United Kingdom'!M5:M50,"Not Assessed") | E8: =COUNTIF('United Kingdom'!M5:M50,"Non-Compliant") | F8: =COUNTIF('United Kingdom'!M5:M50,"Partial") | G8: =COUNTIF('United Kingdom'!M5:M50,"Under Review") | H8: =COUNTIF('United Kingdom'!M5:M50,"Compliant - Not Currently Applicable")
A9: Greece | B9: =COUNTA(Greece!A5:A50) | C9: =COUNTIF(Greece!M5:M50,"Compliant") | D9: =COUNTIF(Greece!M5:M50,"Not Assessed") | E9: =COUNTIF(Greece!M5:M50,"Non-Compliant") | F9: =COUNTIF(Greece!M5:M50,"Partial") | G9: =COUNTIF(Greece!M5:M50,"Under Review") | H9: =COUNTIF(Greece!M5:M50,"Compliant - Not Currently Applicable")
A10: Nigeria | B10: =COUNTA(Nigeria!A5:A50) | C10: =COUNTIF(Nigeria!M5:M50,"Compliant") | D10: =COUNTIF(Nigeria!M5:M50,"Not Assessed") | E10: =COUNTIF(Nigeria!M5:M50,"Non-Compliant") | F10: =COUNTIF(Nigeria!M5:M50,"Partial") | G10: =COUNTIF(Nigeria!M5:M50,"Under Review") | H10: =COUNTIF(Nigeria!M5:M50,"Compliant - Not Currently Applicable")
A11: UAE | B11: =COUNTA(UAE!A5:A50) | C11: =COUNTIF(UAE!M5:M50,"Compliant") | D11: =COUNTIF(UAE!M5:M50,"Not Assessed") | E11: =COUNTIF(UAE!M5:M50,"Non-Compliant") | F11: =COUNTIF(UAE!M5:M50,"Partial") | G11: =COUNTIF(UAE!M5:M50,"Under Review") | H11: =COUNTIF(UAE!M5:M50,"Compliant - Not Currently Applicable")
A12: TOTAL | B12: =SUM(B7:B11) | C12: =SUM(C7:C11) | D12: =SUM(D7:D11) | E12: =SUM(E7:E11) | F12: =SUM(F7:F11) | G12: =SUM(G7:G11) | H12: =SUM(H7:H11)
A14: REQUIREMENTS BY CATEGORY
A16: Category | B16: Count
A17: OH&S | B17: =COUNTIF(International!B5:B50,"OH&S")+COUNTIF('United Kingdom'!B5:B50,"OH&S")+COUNTIF(Greece!B5:B50,"OH&S")+COUNTIF(Nigeria!B5:B50,"OH&S")+COUNTIF(UAE!B5:B50,"OH&S")
A18: Maritime | B18: =COUNTIF(International!B5:B50,"Maritime")+COUNTIF('United Kingdom'!B5:B50,"Maritime")+COUNTIF(Greece!B5:B50,"Maritime")+COUNTIF(Nigeria!B5:B50,"Maritime")+COUNTIF(UAE!B5:B50,"Maritime")
A19: Labour | B19: =COUNTIF(International!B5:B50,"Labour")+COUNTIF('United Kingdom'!B5:B50,"Labour")+COUNTIF(Greece!B5:B50,"Labour")+COUNTIF(Nigeria!B5:B50,"Labour")+COUNTIF(UAE!B5:B50,"Labour")
A20: Firearms | B20: =COUNTIF(International!B5:B50,"Firearms")+COUNTIF('United Kingdom'!B5:B50,"Firearms")+COUNTIF(Greece!B5:B50,"Firearms")+COUNTIF(Nigeria!B5:B50,"Firearms")+COUNTIF(UAE!B5:B50,"Firearms")
A21: Fire | B21: =COUNTIF(International!B5:B50,"Fire")+COUNTIF('United Kingdom'!B5:B50,"Fire")+COUNTIF(Greece!B5:B50,"Fire")+COUNTIF(Nigeria!B5:B50,"Fire")+COUNTIF(UAE!B5:B50,"Fire")
A22: OH&S / Security | B22: =COUNTIF(International!B5:B50,"OH&S / Security")+COUNTIF('United Kingdom'!B5:B50,"OH&S / Security")+COUNTIF(Greece!B5:B50,"OH&S / Security")+COUNTIF(Nigeria!B5:B50,"OH&S / Security")+COUNTIF(UAE!B5:B50,"OH&S / Security")
A23: Firearms / Security | B23: =COUNTIF(International!B5:B50,"Firearms / Security")+COUNTIF('United Kingdom'!B5:B50,"Firearms / Security")+COUNTIF(Greece!B5:B50,"Firearms / Security")+COUNTIF(Nigeria!B5:B50,"Firearms / Security")+COUNTIF(UAE!B5:B50,"Firearms / Security")

Sheet Methodology
A2: REGISTER METHODOLOGY AND DEFINITIONS
A4: COLUMN DEFINITIONS
A6: Ref | B6: Unique reference for each legal requirement. Format: [Jurisdiction code]-[Sequence]. E.g. UK-01, NG-03, INT-04.
A7: Category | B7: Classification of the requirement: OH&S, Maritime, Labour, Firearms, Fire, Civil Defence.
A8: Legal / Standard Source | B8: The specific legislation, regulation, code, or standard.
A9: Date of Issue | B9: Date the legislation was originally enacted or published.
A10: Last Amendment | B10: Date of most recent amendment or update to the legislation.
A11: Impact Assessment | B11: Whether a change impact assessment is required following an amendment. Values: Required / Not Required / Not Assessed.
A12: Key Requirement Summary | B12: Plain-language summary of what the legislation requires Seagull Maritime to do.
A13: ISO 45001 / 18788 / 28007 Clauses | B13: Cross-reference to the management system clause(s) this requirement maps to.
A14: Applicability | B14: Which personnel, roles, or operations this requirement applies to.
A15: Responsible Role | B15: The role responsible for ensuring compliance with this requirement.
A16: Compliance Status | B16: Current compliance status. Values: Compliant (green) / Not Assessed (amber) / Non-Compliant (red).
A17: Evidence / Records | B17: The objective evidence that demonstrates compliance.
... A20: Comments / Actions | B20: Any corrective actions, notes, or follow-up items.
A23: ISO 45001 CLAUSE 6.1.3 COMPLIANCE
A24: This register satisfies ISO 45001 Clause 6.1.3 which requires the organisation to determine and have access to the legal requirements and other requirements applicable to its OH&S hazards, OH&S risks, and OH&S management system; determine how these requirements apply; and take these requirements into account when establishing, implementing, maintaining, and continually improving the OH&S management system.

Sheet Instructions
A2: INSTRUCTIONS FOR USE
A4: 1. This register is the single source of truth for all legal and regulatory requirements applicable to Seagull Maritime.
A5: 2. Each jurisdiction has its own tab. Requirements are grouped by the country/region where they apply.
A6: 3. International requirements (IMO conventions, ISO standards) apply across all entities and are recorded on the International tab.
A7: 4. The Compliance Status column must be assessed and updated for each requirement. 'Not Assessed' entries require attention.
A8: 5. When legislation is amended, update the Last Amendment column and set Impact Assessment to 'Required'.
A9: 6. When a compliance assessment is completed, update the Compliance Status, Last Review Date, and Next Review Date.
A10: 7. Non-compliant items must be raised as NCRs via SM/INT/PRO/001 and tracked in SM/INT/REG/004.
A11: 8. New legislation should be added by the Group Compliance Director. Check the External References and Standards Procedure for the identification process.
A12: 9. ISO clause cross-references allow auditors to trace from a management system clause to the legal requirement it addresses.
A13: 10. This register is reviewed annually per jurisdiction, and immediately upon change in law, change in operations, or audit finding.
