Workbook

Sheet Supplier Information
A4: SUPPLIER APPROVAL CHECKLIST
A5: SM/INT/FORM/006 | Supplier Information
A7: Field | B7: Value | C7: Verified? | D7: Source FORM/004 Ref | E7: Notes | F7: Date Verified
A8: Company Name
A9: Trading Name (if different)
A10: Country of Registration
A11: Company Registration Number
A12: Registered Address
A13: Operational Address (if different)
A14: Website
A15: Year Established
A16: Number of Employees
A18: PRIMARY CONTACT
A20: Contact Name
A21: Position / Title
... A36: Geographic coverage

Sheet Certifications & H&S
A4: SUPPLIER APPROVAL CHECKLIST
A5: SM/INT/FORM/006 | Certifications & Health and Safety
A7: # | B7: Item | C7: Response | D7: Certificate / Evidence Ref | E7: Expiry Date | F7: Verified? | G7: Remarks
A8: CERTIFICATIONS AND ACCREDITATIONS
A9: 3.1 | B9: ISO 9001 (Quality Management) certified?
A10: 3.2 | B10: ISO 45001 (OH&S Management) certified?
A11: 3.3 | B11: ISO 14001 (Environmental) certified?
A12: 3.4 | B12: ISO 27001 (Information Security) certified?
A13: 3.5 | B13: ISM Code (Safety Management Certificate)?
A14: 3.6 | B14: Other relevant certifications / accreditations / memberships
A16: HEALTH AND SAFETY
A17: 4.1 | B17: Documented Health & Safety policy?
A18: 4.2 | B18: Health & Safety management system in place?
A19: 4.3 | B19: H&S management arrangements described?
A20: 4.4 | B20: Any reportable H&S incidents in past 12 months?
A21: 4.5 | B21: Regular risk assessments conducted?
A22: 4.6 | B22: Training and competence records maintained?
A23: 4.7 | B23: Incident reporting and investigation procedures?
A24: 4.8 | B24: Lost time injury (LTI) rate available?

Sheet Insurance & Systems
A4: SUPPLIER APPROVAL CHECKLIST
A5: SM/INT/FORM/006 | Insurance & Management Systems
A7: # | B7: Item | C7: Response | D7: Insurer / Evidence Ref | E7: Policy Limit / Expiry | F7: Verified? | G7: Remarks
A8: INSURANCE
A9: 5.1 | B9: Public / Third-Party Liability Insurance?
A10: 5.2 | B10: Professional Indemnity Insurance?
A11: 5.3 | B11: Employers' Liability Insurance?
A12: 5.4 | B12: Other relevant insurance coverage
A13: 5.5 | B13: Insurance certificates attached / on file?
A15: MANAGEMENT SYSTEMS AND PROCEDURES
A16: 6.1 | B16: Formal quality management system in place?
A17: 6.2 | B17: Documented operational procedures?
A18: 6.3 | B18: Formal complaints handling procedure?
A19: 6.4 | B19: Internal audits conducted?
A20: 6.5 | B20: Service quality monitoring described?

Sheet Approval
A4: SUPPLIER APPROVAL CHECKLIST
A5: SM/INT/FORM/006 | Policy Acknowledgements & Approval
A7: # | B7: Policy / Commitment | C7: Acknowledged? | D7: Verified? | E7: Remarks
A8: 7.1 | B8: Seagull Maritime Code of Conduct (SM/INT/POL/002)
A9: 7.2 | B9: Anti-Bribery, Corruption and Sanctions Policy (SM/INT/POL/003)
A10: 7.3 | B10: Human Rights Policy (SM/SEC/POL/002)
A11: 7.4 | B11: Data Protection Policy (SM/INT/POL/006)
A12: 7.5 | B12: Voluntary Principles on Security and Human Rights (VPSHR)
A13: 7.6 | B13: International Code of Conduct (ICoC)
A14: 7.7 | B14: Montreux Document
A16: SEAGULL INTERNAL APPROVAL
B17: Received by:
B18: Date Received:
B19: Evaluated by:
B20: Evaluation Date:
B21: Rating Recommendation:
B22: Basis of Approval:
B23: Approved by (GCD):
B24: Date Approved:
B25: Approval Status:
B26: Notes:

Sheet Dashboard
A4: SUPPLIER APPROVAL CHECKLIST
A5: SM/INT/FORM/006 | Compliance Dashboard
A7: Supplier: | B7: ='Supplier Information'!B8 -> 0
A9: Section | B9: Yes | C9: No / Partial | D9: N/A | E9: Completion %
A10: Certifications (3.1-3.6) | B10: =COUNTIF('Certifications & H&S'!C9:C14,"Yes") -> 0 | C10: =COUNTIF('Certifications & H&S'!C9:C14,"No")+COUNTIF('Certifications & H&S'!C9:C14,"Partial") -> 0 | D10: =COUNTIF('Certifications & H&S'!C9:C14,"N/A") -> 0 | E10: =IF(COUNTA('Certifications & H&S'!C9:C14)=0,"-",B10/(B10+C10)) -> -
A11: Health & Safety (4.1-4.8) | B11: =COUNTIF('Certifications & H&S'!C16:C23,"Yes") -> 0 | C11: =COUNTIF('Certifications & H&S'!C16:C23,"No")+COUNTIF('Certifications & H&S'!C16:C23,"Partial") -> 0 | D11: =COUNTIF('Certifications & H&S'!C16:C23,"N/A") -> 0 | E11: =IF(COUNTA('Certifications & H&S'!C16:C23)=0,"-",B11/(B11+C11)) -> -
A12: Insurance (5.1-5.5) | B12: =COUNTIF('Insurance & Systems'!C9:C13,"Yes") -> 0 | C12: =COUNTIF('Insurance & Systems'!C9:C13,"No")+COUNTIF('Insurance & Systems'!C9:C13,"Partial") -> 0 | D12: =COUNTIF('Insurance & Systems'!C9:C13,"N/A") -> 0 | E12: =IF(COUNTA('Insurance & Systems'!C9:C13)=0,"-",B12/(B12+C12)) -> -
A13: Management Systems (6.1-6.5) | B13: =COUNTIF('Insurance & Systems'!C15:C19,"Yes") -> 0 | C13: =COUNTIF('Insurance & Systems'!C15:C19,"No")+COUNTIF('Insurance & Systems'!C15:C19,"Partial") -> 0 | D13: =COUNTIF('Insurance & Systems'!C15:C19,"N/A") -> 0 | E13: =IF(COUNTA('Insurance & Systems'!C15:C19)=0,"-",B13/(B13+C13)) -> -
A14: Policy Acknowledgements (7.1-7.7) | B14: =COUNTIF(Approval!C8:C14,"Yes") -> 0 | C14: =COUNTIF(Approval!C8:C14,"No")+COUNTIF(Approval!C8:C14,"Partial") -> 0 | D14: =COUNTIF(Approval!C8:C14,"N/A") -> 0 | E14: =IF(COUNTA(Approval!C8:C14)=0,"-",B14/(B14+C14)) -> -
A16: OVERALL COMPLETION | B16: =SUM(B10:B14) -> 0 | C16: =SUM(C10:C14) -> 0 | D16: =SUM(D10:D14) -> 0 | E16: =IF((B16+C16)=0,"-",B16/(B16+C16)) -> -
A18: Approval Status: | B18: =Approval!C25 -> 0
A19: Rating: | B19: =Approval!C21 -> 0

Sheet Instructions
A4: SM/INT/FORM/006 — SUPPLIER APPROVAL CHECKLIST INSTRUCTIONS
A6: PURPOSE
A7: This checklist is used internally by Seagull Maritime to assess and approve suppliers of goods and services. It supports SM/INT/PRO/017 (Supplier, Contractor and Procurement Management Procedure). Supplier information is sourced from the completed SM/INT/FORM/004 (Supplier Approval Form) returned by the supplier.
A9: WHO COMPLETES IT
A10: This checklist is completed by Seagull Maritime staff only. The supplier completes SM/INT/FORM/004 (Supplier Approval Form) which provides the source data. The designated person transfers information from the returned Word form into this checklist. The Dashboard (Sheet 5) calculates automatically.
A12: RESPONSE OPTIONS
A13: Yes = Requirement met with documented evidence No = Requirement not met Partial = Partially meets requirement, evidence incomplete N/A = Not applicable to this supplier
A15: REFERENCES
A16: SM/INT/PRO/017 — Supplier, Contractor and Procurement Management Procedure SM/INT/FORM/004 — Supplier Approval Form (provider-facing Word form) SM/INT/FORM/005 — Supplier Corrective Action Report SM/INT/REG/010 — Supplier and Subcontractor Register
