Workbook

Sheet Register Information
A2: EXTERNAL STANDARDS AND REFERENCES REGISTER
A4: REGISTER INFORMATION
A6: Document Reference: | B6: SM/INT/REG/007
A7: Document Title: | B7: External Standards and References Register
A8: System: | B8: Integrated — cross-cutting across SEC / HSE / QMS
A9: Version: | B9: 1.0
A10: Status: | B10: Approved
A11: Created by: | B11: Group Compliance Director
A12: Approved by: | B12: Pavel Shparber, CEO
A13: Effective Date: | B13: 1 April 2026
A14: Review Date: | B14: 1 October 2026
A15: Review Frequency: | B15: Annual, and upon withdrawal, amendment, or new standard publication
A17: PURPOSE
A18: This register records all external standards, industry guidance, codes of conduct, and reference documents that Seagull Maritime has chosen or is contractually required to comply with. It excludes legal/statutory requirements (see SM/HSE/REG/002) and flag state requirements (see SM/SEC/REG/001). It provides the basis for the External References and Standards Procedure (SM/INT/PRO/004).

Sheet Standards Register
A2: EXTERNAL STANDARDS AND REFERENCES REGISTER — SM/INT/REG/007
A4: # | B4: Category | C4: Standard / Reference | D4: Issuing Body | E4: Current Version / Date | F4: Status | G4: Applicable Systems | H4: Key Relevance to Seagull | I4: Compliance Basis | J4: Seagull Certification / Membership | K4: Cert Expiry / Renewal | L4: CB / Issuing Body | M4: Review Frequency | N4: Last Reviewed | O4: Next Review | P4: Notes
A5: 1 | B5: ISO Standards | C5: ISO 9001:2015 — Quality Management Systems | D5: ISO | E5: 2015 | F5: Current | G5: QMS | H5: Foundation of Seagull QMS. Client confidence, process control, continual improvement. | I5: Voluntary (certification held) | M5: Annual
A6: 2 | B6: ISO Standards | C6: ISO 45001:2018 — Occupational Health and Safety Management Systems | D6: ISO | E6: 2018 | F6: Current | G6: HSE | H6: Foundation of Seagull OH&S management. Risk-based approach to worker health and safety. | I6: Voluntary (certification target) | M6: Annual | P6: Shell review driver. Backbone of current compliance programme.
A7: 3 | B7: ISO Standards | C7: ISO 18788:2015 — Management System for Private Security Operations | D7: ISO | E7: 2015 | F7: Current | G7: SEC | H7: Governs private security operations including human rights due diligence, use of force, duty of care. | I7: Voluntary (certification held) | M7: Annual | P7: Merged with 28007 and 28000 into unified SEC system.
A8: 4 | B8: ISO Standards | C8: ISO 28007-1:2015 — Ships and Marine Technology — PMSC Providing PCASP | D8: ISO | E8: 2015 | F8: Current | G8: SEC | H8: Specific to armed maritime security: PCASP deployment, firearms management, ship interface, incident reporting. | I8: Voluntary (certification held) | M8: Annual | P8: Primary standard for armed maritime security operations.
A9: 5 | B9: ISO Standards | C9: ISO 28000:2022 — Security and Resilience — Security Management Systems | D9: ISO | E9: 2022 | F9: Current | G9: SEC | H9: Supply chain security management. Broader security framework. | I9: Voluntary (certification held) | M9: Annual | P9: Updated 2022. Merged into unified SEC system.
A10: 6 | B10: ISO Standards | C10: ISO 14001:2015 — Environmental Management Systems | D10: ISO | E10: 2015 | F10: Current | G10: HSE | H10: Environmental management framework. Not currently certified but referenced in integrated approach. | I10: Awareness (not certified) | M10: Annual | P10: Future consideration. Not a current priority.
A11: 7 | B11: ISO Standards | C11: ISO 19011:2018 — Guidelines for Auditing Management Systems | D11: ISO | E11: 2018 | F11: Current | G11: INT | H11: Internal audit methodology and competence requirements. | I11: Reference / best practice | M11: Annual | P11: Referenced in SM/INT/PRO/003 Internal Audit Procedure.
A12: 8 | B12: IMO Circulars | C12: MSC.1/Circ.1405/Rev.2 — Guidance on the Use of PCASP on Ships in the HRA | D12: IMO | E12: May 2012 | F12: Current | G12: SEC | H12: Baseline framework for PCASP deployment including selection, vetting, training, rules for use of force, reporting. | I12: Mandatory (industry expectation) | M12: Annual | P12: Core reference for all PCASP operations.
A13: 9 | B13: IMO Circulars | C13: MSC.1/Circ.1406/Rev.3 — Interim Recommendations for Flag States Regarding PCASP | D13: IMO | E13: June 2015 | F13: Current | G13: SEC | H13: Flag state responsibilities for authorising and overseeing PCASP. Feeds into SM/SEC/REG/001. | I13: Mandatory (industry expectation) | M13: Annual | P13: Drives flag state register structure.
A14: 10 | B14: IMO Circulars | C14: MSC.1/Circ.1408/Rev.1 — Interim Recommendations for Port and Coastal States | D14: IMO | E14: 2012 | F14: Current | G14: SEC | H14: Port and coastal state obligations regarding PCASP and weapons carriage. | I14: Awareness | M14: Annual | P14: Relevant to transit planning and weapons logistics.
A15: 11 | B15: IMO Circulars | C15: MSC.1/Circ.1443 — Interim Guidance for PMSC Providing PCASP | D15: IMO | E15: 2012 | F15: Current | G15: SEC | H15: PMSC-specific guidance: company management, selection/vetting, training, operational conduct. | I15: Mandatory (industry expectation) | M15: Annual | P15: Complementary to MSC.1/Circ.1405.
A16: 12 | B16: Maritime Security | C16: BMP-MS (Best Management Practices — Maritime Security) | D16: Industry (ICS/BIMCO/INTERTANKO/INTERCARGO/OCIMF) | E16: 2024 | F16: Current (replaced BMP5) | G16: SEC / OPS | H16: Industry guidance on self-protection measures for vessels transiting high-risk areas. | I16: Mandatory (industry expectation) | M16: Annual | P16: BMP5 WITHDRAWN March 2025. Always reference BMP-MS.
A17: 13 | B17: Maritime Security | C17: MISTO (Maritime Information Sharing Threat Overview) | D17: Industry | E17: 2024 | F17: Current | G17: SEC / OPS | H17: Threat assessment context for maritime security operations. Referenced alongside BMP-MS. | I17: Reference | M17: Quarterly | P17: Referenced for threat assessment context in risk assessments.
... A19: 15 | B19: Maritime Security | C19: 100 Series Rules for the Use of Force | D19: Industry (SAMI / ICoCA) | E19: Various | F19: Current | G19: SEC | H19: Framework for graduated use of force in maritime security operations. | I19: Mandatory (operational) | M19: Annual | P19: Basis for Seagull RUF.
A20: 16 | B20: Codes of Conduct | C20: International Code of Conduct for Private Security Service Providers (ICoC) | D20: ICoCA | E20: 2010 | F20: Current | G20: SEC | H20: Human rights and humanitarian law principles for private security companies. Full text (70 articles, amended 2021) held in 08 - Compliance and Legal/ICoCA/. | I20: Mandatory (ICoCA membership) | J20: ICoCA Certified Member | M20: Annual | N20: 03/04/2026 | P20: Certified member obligation. Membership terms and conditions apply.
A21: 17 | B21: Codes of Conduct | C21: Montreux Document on Private Military and Security Companies | D21: Swiss Govt / ICRC | E21: 2008 | F21: Current | G21: SEC | H21: International framework on legal obligations and good practices for states and PMSCs. Source document needed — download from ICRC website. | I21: Awareness / best practice | M21: Annual | N21: 03/04/2026 | P21: Reference document for human rights due diligence.
A22: 18 | B22: Codes of Conduct | C22: UN Voluntary Principles on Security and Human Rights (VPSHR) | D22: UN | E22: 2000 | F22: Current | G22: SEC | H22: Principles for security companies on human rights. Shell audit driver (F6). Full text (3 parts, 9 pages) held in 08 - Compliance and Legal/ICoCA/. | I22: Mandatory (Shell requirement / client requirement) | M22: Annual | N22: 03/04/2026 | P22: Shell audit driver (Finding F6). Referenced in security procedures.
A23: 19 | B23: Client Standards | C23: Shell HSSE & SP Control Framework | D23: Shell | E23: Current | F23: Current | G23: INT | H23: Shell-specific requirements for contractor health, safety, security, environment, and social performance. | I23: Contractual (Shell engagement) | M23: Quarterly | P23: Shell review first week of May 2026. Key driver for current 45001 programme.
A24: 20 | B24: Client Standards | C24: Shell Maritime Security Requirements | D24: Shell | E24: Current | F24: Current | G24: SEC | H24: Shell-specific maritime security requirements beyond ISO standards. | I24: Contractual (Shell engagement) | M24: Quarterly
A25: 21 | B25: Export Control | C25: UK Strategic Export Control Lists | D25: UK Govt (ECJU) | E25: Updated regularly | F25: Current | G25: SEC / OPS | H25: Controls on export of military and dual-use goods including firearms and ammunition. | I25: Mandatory (UK law) | M25: Quarterly | P25: Applies to UK-origin equipment movements.
A26: 22 | B26: Export Control | C26: EU Common Military List | D26: EU Council | E26: Updated annually | F26: Current | G26: SEC / OPS | H26: EU controls on military equipment including firearms. | I26: Mandatory (EU operations) | M26: Annual | P26: Applies to EU-flagged operations and EU-origin equipment.
A27: 23 | B27: Sanctions | C27: OFSI Sanctions List (UK) | D27: HM Treasury / OFSI | E27: Updated regularly | F27: Current | G27: INT | H27: UK financial sanctions and trade restrictions. Applies to all UK entities. | I27: Mandatory (UK law) | M27: Quarterly | P27: Must check before any new client/partner engagement.
A28: 24 | B28: Sanctions | C28: EU Sanctions Map | D28: EU Council | E28: Updated regularly | F28: Current | G28: INT | H28: EU sanctions regimes. Applies to EU entities and EU-flagged operations. | I28: Mandatory (EU operations) | M28: Quarterly
A29: 25 | B29: Sanctions | C29: OFAC Sanctions List (US) | D29: US Treasury / OFAC | E29: Updated regularly | F29: Current | G29: INT | H29: US sanctions. Applies where US nexus exists (USD transactions, US persons, US-origin goods). | I29: Awareness / risk mitigation | M29: Quarterly | P29: Relevant due to USD transactions and US-connected clients.
A30: 26 | B30: Training Standards | C30: STCW Convention — Standards of Training, Certification and Watchkeeping | D30: IMO | E30: 1978 (as amended) | F30: Current | G30: SEC / OPS | H30: International training and certification standards for maritime personnel. | I30: Awareness (interface) | M30: Annual | P30: Relevant where Seagull personnel interface with vessel crew.
A31: 27 | B31: Training Standards | C31: MCA Standards of Training and Certification | D31: UK MCA | E31: Current | F31: Current | G31: SEC / OPS | H31: UK-specific maritime training and certification requirements. | I31: Awareness (interface) | M31: Annual | P31: Relevant to UK-flagged vessel operations.

Sheet Dashboard
A2: EXTERNAL STANDARDS REGISTER — DASHBOARD
A4: SUMMARY BY CATEGORY
A6: Category | B6: Count | C6: Current | D6: Withdrawn
A7: ISO Standards | B7: =COUNTIF('Standards Register'!B5:B50,"ISO Standards") -> 7 | C7: =COUNTIFS('Standards Register'!B5:B50,"ISO Standards",'Standards Register'!F5:F50,"Current") -> 7 | D7: =COUNTIFS('Standards Register'!B5:B50,"ISO Standards",'Standards Register'!F5:F50,"Withdrawn") -> 0
A8: IMO Circulars | B8: =COUNTIF('Standards Register'!B5:B50,"IMO Circulars") -> 4 | C8: =COUNTIFS('Standards Register'!B5:B50,"IMO Circulars",'Standards Register'!F5:F50,"Current") -> 4 | D8: =COUNTIFS('Standards Register'!B5:B50,"IMO Circulars",'Standards Register'!F5:F50,"Withdrawn") -> 0
A9: Maritime Security | B9: =COUNTIF('Standards Register'!B5:B50,"Maritime Security") -> 4 | C9: =COUNTIFS('Standards Register'!B5:B50,"Maritime Security",'Standards Register'!F5:F50,"Current") -> 3 | D9: =COUNTIFS('Standards Register'!B5:B50,"Maritime Security",'Standards Register'!F5:F50,"Withdrawn") -> 0
A10: Codes of Conduct | B10: =COUNTIF('Standards Register'!B5:B50,"Codes of Conduct") -> 3 | C10: =COUNTIFS('Standards Register'!B5:B50,"Codes of Conduct",'Standards Register'!F5:F50,"Current") -> 3 | D10: =COUNTIFS('Standards Register'!B5:B50,"Codes of Conduct",'Standards Register'!F5:F50,"Withdrawn") -> 0
A11: Client Standards | B11: =COUNTIF('Standards Register'!B5:B50,"Client Standards") -> 2 | C11: =COUNTIFS('Standards Register'!B5:B50,"Client Standards",'Standards Register'!F5:F50,"Current") -> 2 | D11: =COUNTIFS('Standards Register'!B5:B50,"Client Standards",'Standards Register'!F5:F50,"Withdrawn") -> 0
A12: Export Control | B12: =COUNTIF('Standards Register'!B5:B50,"Export Control") -> 2 | C12: =COUNTIFS('Standards Register'!B5:B50,"Export Control",'Standards Register'!F5:F50,"Current") -> 2 | D12: =COUNTIFS('Standards Register'!B5:B50,"Export Control",'Standards Register'!F5:F50,"Withdrawn") -> 0
A13: Sanctions | B13: =COUNTIF('Standards Register'!B5:B50,"Sanctions") -> 3 | C13: =COUNTIFS('Standards Register'!B5:B50,"Sanctions",'Standards Register'!F5:F50,"Current") -> 3 | D13: =COUNTIFS('Standards Register'!B5:B50,"Sanctions",'Standards Register'!F5:F50,"Withdrawn") -> 0
A14: Training Standards | B14: =COUNTIF('Standards Register'!B5:B50,"Training Standards") -> 2 | C14: =COUNTIFS('Standards Register'!B5:B50,"Training Standards",'Standards Register'!F5:F50,"Current") -> 2 | D14: =COUNTIFS('Standards Register'!B5:B50,"Training Standards",'Standards Register'!F5:F50,"Withdrawn") -> 0
A15: TOTAL | B15: =SUM(B7:B14) -> 27 | C15: =SUM(C7:C14) -> 26 | D15: =SUM(D7:D14) -> 0

Sheet Instructions
A2: INSTRUCTIONS FOR USE
A4: 1. This register records external standards and references that Seagull Maritime complies with by choice or contractual obligation.
A5: 2. It excludes legal/statutory requirements (see SM/HSE/REG/002) and flag state requirements (see SM/SEC/REG/001).
A6: 3. The Status column indicates whether a standard is Current, Withdrawn, or Superseded. Withdrawn standards must not be referenced.
A7: 4. BMP5 was withdrawn in March 2025. Always reference BMP-MS as the current industry guidance.
A8: 5. Certification expiry dates must be monitored. Any certification approaching expiry within 90 days must be escalated to the GCD.
A9: 6. When a standard is updated or withdrawn, update this register immediately and assess impact on Seagull procedures.
A10: 7. The Compliance Basis column indicates why Seagull complies: Voluntary, Contractual, Mandatory (industry), or Awareness.
A11: 8. New standards should only be added by the Group Compliance Director via SM/INT/PRO/004.
A12: 9. Client-specific standards are tracked here when they impose requirements beyond our existing standards.
A13: 10. This register is reviewed annually and immediately upon standard amendment, withdrawal, or new publication.
